기간,구분,성별,합계,동북아시아,동북아시아,동북아시아,동북아시아,동북아시아,동북아시아,동남아시아,동남아시아,동남아시아,동남아시아,동남아시아,동남아시아,동남아시아,동남아시아,동남아시아,동남아시아,동남아시아,서남아시아,서남아시아,서남아시아,서남아시아,서남아시아,서남아시아,중앙아시아,중앙아시아,중앙아시아,중앙아시아,중앙아시아,아시아(기타),북미,북미,유럽,유럽,유럽,유럽,유럽,오세아니아,중남미,아프리카,기타
기간,구분,성별,합계,소계,중국,중국(한국계),대만,일본,몽골,소계,베트남,필리핀,태국,인도네시아,캄보디아,미얀마,말레이시아,라오스,동티모르,기타,소계,스리랑카,파키스탄,방글라데시,네팔,기타,소계,우즈베키스탄,카자흐스탄,키르기스탄,기타,아시아(기타),미국,캐나다,소계,러시아,러시아(한국계),영국,기타,오세아니아,중남미,아프리카,기타
2013,합계,계,"395,640","303,856","51,179","225,201","9,847","12,482","5,147","23,209","11,585","6,013","1,522",942,"1,039",353,692,,,"1,063","6,341",,,,,"3,364",,,,,,,"31,999",,,"2,088",,,,,,,"24,783"
2013,합계,남자,"179,261","134,075","19,632","102,453","4,989","4,947","2,054","8,075","3,534","2,202",596,488,335,208,352,,,360,"4,511",,,,,"1,308",,,,,,,"16,677",,,713,,,,,,,"13,902"
2013,합계,여자,"216,379","169,781","31,547","122,748","4,858","7,535","3,093","15,134","8,051","3,811",926,454,704,145,340,,,703,"1,830",,,,,"2,056",,,,,,,"15,322",,,"1,375",,,,,,,"10,881"
2013,종로구,계,"11,880","7,981","2,584","4,665",272,310,150,680,265,226,46,37,14,16,21,,,55,537,,,,,102,,,,,,,"1,513",,,62,,,,,,,"1,005"
2013,종로구,남자,"5,342","3,286","1,042","1,952",125,118,49,242,80,90,11,18,7,3,10,,,23,367,,,,,39,,,,,,,803,,,24,,,,,,,581
2013,종로구,여자,"6,538","4,695","1,542","2,713",147,192,101,438,185,136,35,19,7,13,11,,,32,170,,,,,63,,,,,,,710,,,38,,,,,,,424
2013,중구,계,"11,036","7,663","1,662","4,571",679,321,430,536,226,146,31,40,15,4,37,,,37,321,,,,,676,,,,,,,790,,,324,,,,,,,726
2013,중구,남자,"5,202","3,498",810,"1,972",381,158,177,228,89,62,16,21,5,2,18,,,15,227,,,,,270,,,,,,,431,,,119,,,,,,,429
2013,중구,여자,"5,834","4,165",852,"2,599",298,163,253,308,137,84,15,19,10,2,19,,,22,94,,,,,406,,,,,,,359,,,205,,,,,,,297
2013,용산구,계,"18,233","7,552",965,"3,939",408,"2,083",157,"1,192",213,674,93,54,40,21,32,,,65,979,,,,,274,,,,,,,"4,054",,,332,,,,,,,"3,850"
2013,용산구,남자,"8,963","3,278",317,"1,589",202,"1,115",55,356,47,184,31,24,14,17,16,,,23,677,,,,,110,,,,,,,"2,074",,,87,,,,,,,"2,381"
2013,용산구,여자,"9,270","4,274",648,"2,350",206,968,102,836,166,490,62,30,26,4,16,,,42,302,,,,,164,,,,,,,"1,980",,,245,,,,,,,"1,469"
2013,성동구,계,"11,727","8,565","2,000","5,802",193,216,354,"1,124",643,266,67,30,32,12,53,,,21,284,,,,,100,,,,,,,895,,,58,,,,,,,701
2013,성동구,남자,"5,227","3,645",793,"2,525",85,62,180,471,229,127,35,23,17,10,24,,,6,246,,,,,44,,,,,,,432,,,16,,,,,,,373
2013,성동구,여자,"6,500","4,920","1,207","3,277",108,154,174,653,414,139,32,7,15,2,29,,,15,38,,,,,56,,,,,,,463,,,42,,,,,,,328
2013,광진구,계,"19,352","16,743","3,489","12,287",147,589,231,825,485,176,56,36,34,11,5,,,22,265,,,,,78,,,,,,,799,,,88,,,,,,,554
2013,광진구,남자,"8,403","7,125","1,347","5,408",65,212,93,296,176,64,11,22,10,5,1,,,7,181,,,,,33,,,,,,,441,,,31,,,,,,,296
2013,광진구,여자,"10,949","9,618","2,142","6,879",82,377,138,529,309,112,45,14,24,6,4,,,15,84,,,,,45,,,,,,,358,,,57,,,,,,,258
2013,동대문구,계,"17,494","13,798","4,780","7,498",312,630,578,"1,245",570,339,68,56,40,10,53,,,109,389,,,,,320,,,,,,,651,,,150,,,,,,,941
2013,동대문구,남자,"7,157","5,460","1,809","3,170",116,142,223,388,159,121,12,22,14,4,27,,,29,279,,,,,132,,,,,,,339,,,55,,,,,,,504
2013,동대문구,여자,"10,337","8,338","2,971","4,328",196,488,355,857,411,218,56,34,26,6,26,,,80,110,,,,,188,,,,,,,312,,,95,,,,,,,437
2013,중랑구,계,"7,936","6,288","1,236","4,192",95,245,520,995,658,215,65,14,33,4,3,,,3,89,,,,,92,,,,,,,276,,,32,,,,,,,164
2013,중랑구,남자,"3,017","2,408",369,"1,700",49,78,212,270,160,76,14,6,9,1,3,,,1,65,,,,,27,,,,,,,150,,,8,,,,,,,89
2013,중랑구,여자,"4,919","3,880",867,"2,492",46,167,308,725,498,139,51,8,24,3,-,,,2,24,,,,,65,,,,,,,126,,,24,,,,,,,75
2013,성북구,계,"12,723","8,446","3,410","3,497",357,487,695,"1,457",724,367,51,102,49,16,79,,,69,349,,,,,146,,,,,,,"1,151",,,121,,,,,,,"1,053"
2013,성북구,남자,"5,272","3,263","1,335","1,331",171,146,280,467,206,118,14,48,14,7,38,,,22,260,,,,,56,,,,,,,584,,,41,,,,,,,601
2013,성북구,여자,"7,451","5,183","2,075","2,166",186,341,415,990,518,249,37,54,35,9,41,,,47,89,,,,,90,,,,,,,567,,,80,,,,,,,452
2013,강북구,계,"6,155","4,519",784,"3,184",129,214,208,865,529,198,54,7,62,4,-,,,11,79,,,,,62,,,,,,,331,,,33,,,,,,,266
2013,강북구,남자,"2,276","1,644",241,"1,205",54,66,78,236,119,75,20,3,13,2,-,,,4,57,,,,,15,,,,,,,171,,,12,,,,,,,141
2013,강북구,여자,"3,879","2,875",543,"1,979",75,148,130,629,410,123,34,4,49,2,-,,,7,22,,,,,47,,,,,,,160,,,21,,,,,,,125
2013,도봉구,계,"4,246","2,601",766,"1,441",70,196,128,772,368,294,37,13,48,8,-,,,4,56,,,,,63,,,,,,,436,,,9,,,,,,,309
2013,도봉구,남자,"1,643",916,202,570,40,58,46,271,85,136,15,6,20,7,-,,,2,47,,,,,22,,,,,,,218,,,2,,,,,,,167
2013,도봉구,여자,"2,603","1,685",564,871,30,138,82,501,283,158,22,7,28,1,-,,,2,9,,,,,41,,,,,,,218,,,7,,,,,,,142
2013,노원구,계,"6,528","4,190","1,285","2,220",139,388,158,722,419,194,17,15,52,3,8,,,14,114,,,,,85,,,,,,,793,,,46,,,,,,,578
2013,노원구,남자,"2,722","1,663",508,902,58,127,68,211,102,73,6,9,13,1,3,,,4,85,,,,,46,,,,,,,403,,,21,,,,,,,293
2013,노원구,여자,"3,806","2,527",777,"1,318",81,261,90,511,317,121,11,6,39,2,5,,,10,29,,,,,39,,,,,,,390,,,25,,,,,,,285
2013,은평구,계,"8,443","6,013","1,252","3,498",584,596,83,"1,020",649,178,59,32,65,6,12,,,19,66,,,,,183,,,,,,,663,,,32,,,,,,,466
2013,은평구,남자,"3,468","2,457",512,"1,348",329,235,33,284,157,55,14,18,22,4,4,,,10,47,,,,,73,,,,,,,334,,,15,,,,,,,258
2013,은평구,여자,"4,975","3,556",740,"2,150",255,361,50,736,492,123,45,14,43,2,8,,,9,19,,,,,110,,,,,,,329,,,17,,,,,,,208
2013,서대문구,계,"13,089","8,609","2,288","2,683","2,482",967,189,"1,030",355,157,146,56,32,28,48,,,208,323,,,,,137,,,,,,,"1,603",,,113,,,,,,,"1,274"
2013,서대문구,남자,"5,384","3,353",811,"1,012","1,252",221,57,281,94,36,35,21,10,4,16,,,65,203,,,,,44,,,,,,,835,,,30,,,,,,,638
2013,서대문구,여자,"7,705","5,256","1,477","1,671","1,230",746,132,749,261,121,111,35,22,24,32,,,143,120,,,,,93,,,,,,,768,,,83,,,,,,,636
2013,마포구,계,"13,673","9,260","2,226","4,274","1,603","1,020",137,911,379,162,114,38,39,2,34,,,143,326,,,,,118,,,,,,,"1,640",,,79,,,,,,,"1,339"
2013,마포구,남자,"6,095","3,843",820,"1,752",819,400,52,294,124,47,43,12,13,-,15,,,40,221,,,,,46,,,,,,,880,,,35,,,,,,,776
2013,마포구,여자,"7,578","5,417","1,406","2,522",784,620,85,617,255,115,71,26,26,2,19,,,103,105,,,,,72,,,,,,,760,,,44,,,,,,,563
2013,양천구,계,"9,112","6,639",978,"5,005",291,277,88,799,416,263,43,12,38,13,2,,,12,72,,,,,54,,,,,,,933,,,31,,,,,,,584
2013,양천구,남자,"3,813","2,758",287,"2,190",152,96,33,245,107,95,17,6,10,6,-,,,4,52,,,,,18,,,,,,,441,,,10,,,,,,,289
2013,양천구,여자,"5,299","3,881",691,"2,815",139,181,55,554,309,168,26,6,28,7,2,,,8,20,,,,,36,,,,,,,492,,,21,,,,,,,295
2013,강서구,계,"11,753","8,195","1,980","5,335",302,489,89,"1,201",583,398,55,69,43,11,23,,,19,293,,,,,117,,,,,,,898,,,105,,,,,,,944
2013,강서구,남자,"5,361","3,386",646,"2,329",176,202,33,497,182,194,28,49,13,7,19,,,5,202,,,,,42,,,,,,,507,,,41,,,,,,,686
2013,강서구,여자,"6,392","4,809","1,334","3,006",126,287,56,704,401,204,27,20,30,4,4,,,14,91,,,,,75,,,,,,,391,,,64,,,,,,,258
2013,구로구,계,"41,622","39,155","3,419","35,094",268,291,83,"1,056",531,250,60,35,53,42,74,,,11,184,,,,,118,,,,,,,530,,,62,,,,,,,517
2013,구로구,남자,"20,252","19,093","1,312","17,520",132,91,38,400,166,92,33,18,12,25,50,,,4,147,,,,,37,,,,,,,279,,,17,,,,,,,279
2013,구로구,여자,"21,370","20,062","2,107","17,574",136,200,45,656,365,158,27,17,41,17,24,,,7,37,,,,,81,,,,,,,251,,,45,,,,,,,238
2013,금천구,계,"26,287","24,607","2,541","21,691",83,135,157,974,535,248,51,41,54,39,1,,,5,207,,,,,57,,,,,,,184,,,14,,,,,,,244
2013,금천구,남자,"12,768","11,932",986,"10,785",44,37,80,424,187,112,32,32,24,35,-,,,2,175,,,,,39,,,,,,,101,,,8,,,,,,,89
2013,금천구,여자,"13,519","12,675","1,555","10,906",39,98,77,550,348,136,19,9,30,4,1,,,3,32,,,,,18,,,,,,,83,,,6,,,,,,,155
2013,영등포구,계,"53,666","50,373","3,677","45,933",464,218,81,846,435,173,55,62,34,56,8,,,23,239,,,,,107,,,,,,,"1,239",,,52,,,,,,,810
2013,영등포구,남자,"25,807","24,223","1,489","22,353",254,93,34,289,114,47,30,30,12,44,3,,,9,162,,,,,42,,,,,,,634,,,17,,,,,,,440
2013,영등포구,여자,"27,859","26,150","2,188","23,580",210,125,47,557,321,126,25,32,22,12,5,,,14,77,,,,,65,,,,,,,605,,,35,,,,,,,370
2013,동작구,계,"16,498","14,171","2,934","10,711",180,272,74,661,408,116,34,10,50,3,19,,,21,64,,,,,59,,,,,,,746,,,48,,,,,,,749
2013,동작구,남자,"7,345","6,211","1,222","4,778",86,104,21,233,137,33,14,4,23,2,12,,,8,48,,,,,20,,,,,,,377,,,19,,,,,,,437
2013,동작구,여자,"9,153","7,960","1,712","5,933",94,168,53,428,271,83,20,6,27,1,7,,,13,16,,,,,39,,,,,,,369,,,29,,,,,,,312
2013,관악구,계,"27,673","23,653","2,428","20,396",141,452,236,"1,354",659,227,76,69,109,23,114,,,77,354,,,,,175,,,,,,,992,,,95,,,,,,,"1,050"
2013,관악구,남자,"12,304","10,356",903,"9,135",62,169,87,458,226,64,15,34,29,7,58,,,25,245,,,,,78,,,,,,,517,,,31,,,,,,,619
2013,관악구,여자,"15,369","13,297","1,525","11,261",79,283,149,896,433,163,61,35,80,16,56,,,52,109,,,,,97,,,,,,,475,,,64,,,,,,,431
2013,서초구,계,"10,594","4,008",821,"2,505",174,457,51,449,171,112,56,24,19,5,14,,,48,180,,,,,40,,,,,,,"3,432",,,62,,,,,,,"2,423"
2013,서초구,남자,"5,076","1,658",441,871,81,245,20,201,83,30,38,15,4,3,6,,,22,121,,,,,12,,,,,,,"1,749",,,28,,,,,,,"1,307"
2013,서초구,여자,"5,518","2,350",380,"1,634",93,212,31,248,88,82,18,9,15,2,8,,,26,59,,,,,28,,,,,,,"1,683",,,34,,,,,,,"1,116"
2013,강남구,계,"13,251","4,953","1,186","2,668",223,841,35,627,215,191,89,33,23,8,24,,,44,371,,,,,65,,,,,,,"4,781",,,58,,,,,,,"2,396"
2013,강남구,남자,"6,659","2,105",624,888,118,465,10,349,129,89,57,24,7,7,14,,,22,249,,,,,16,,,,,,,"2,622",,,15,,,,,,,"1,303"
2013,강남구,여자,"6,592","2,848",562,"1,780",105,376,25,278,86,102,32,9,16,1,10,,,22,122,,,,,49,,,,,,,"2,159",,,43,,,,,,,"1,093"
2013,송파구,계,"13,650","9,277","1,368","7,210",165,434,100,949,555,210,80,36,36,7,6,,,19,78,,,,,60,,,,,,,"1,985",,,57,,,,,,,"1,244"
2013,송파구,남자,"6,039","3,915",471,"3,110",92,192,50,387,214,82,50,12,13,4,5,,,7,58,,,,,21,,,,,,,"1,006",,,20,,,,,,,632
2013,송파구,여자,"7,611","5,362",897,"4,100",73,242,50,562,341,128,30,24,23,3,1,,,12,20,,,,,39,,,,,,,979,,,37,,,,,,,612
2013,강동구,계,"9,019","6,597","1,120","4,902",86,354,135,919,594,233,19,21,25,1,22,,,4,122,,,,,76,,,,,,,684,,,25,,,,,,,596
2013,강동구,남자,"3,666","2,599",335,"2,058",46,115,45,297,162,100,5,11,7,1,10,,,1,90,,,,,26,,,,,,,349,,,11,,,,,,,294
2013,강동구,여자,"5,353","3,998",785,"2,844",40,239,90,622,432,133,14,10,18,-,12,,,3,32,,,,,50,,,,,,,335,,,14,,,,,,,302
2014,합계,계,"415,059","319,973","57,086","235,645","10,161","12,508","4,573","24,726","12,323","6,047","1,572","1,057","1,247",408,727,,,"1,345","6,842",,,,,"3,553",,,,,,,"31,755",,,"2,257",,,,,,,"25,953"
2014,합계,남자,"189,107","142,735","22,016","109,024","4,970","4,975","1,750","8,363","3,684","2,138",604,498,449,258,349,,,383,"4,797",,,,,"1,353",,,,,,,"16,524",,,773,,,,,,,"14,562"
2014,합계,여자,"225,952","177,238","35,070","126,621","5,191","7,533","2,823","16,363","8,639","3,909",968,559,798,150,378,,,962,"2,045",,,,,"2,200",,,,,,,"15,231",,,"1,484",,,,,,,"11,391"
2014,종로구,계,"11,998","8,093","2,641","4,704",312,315,121,692,264,224,44,33,13,14,29,,,71,621,,,,,120,,,,,,,"1,396",,,51,,,,,,,"1,025"
2014,종로구,남자,"5,438","3,406","1,071","2,038",128,131,38,233,76,91,15,11,8,4,10,,,18,422,,,,,42,,,,,,,724,,,18,,,,,,,593
2014,종로구,여자,"6,560","4,687","1,570","2,666",184,184,83,459,188,133,29,22,5,10,19,,,53,199,,,,,78,,,,,,,672,,,33,,,,,,,432
2014,중구,계,"11,559","7,860","1,805","4,647",731,303,374,596,234,165,36,71,18,6,30,,,36,413,,,,,727,,,,,,,817,,,382,,,,,,,764
2014,중구,남자,"5,422","3,564",822,"2,058",387,147,150,263,93,74,19,44,7,-,14,,,12,270,,,,,295,,,,,,,438,,,152,,,,,,,440
2014,중구,여자,"6,137","4,296",983,"2,589",344,156,224,333,141,91,17,27,11,6,16,,,24,143,,,,,432,,,,,,,379,,,230,,,,,,,324
2014,용산구,계,"18,573","7,399","1,032","3,730",401,"2,082",154,"1,221",209,673,104,55,41,21,38,,,80,"1,005",,,,,264,,,,,,,"4,184",,,342,,,,,,,"4,158"
2014,용산구,남자,"9,273","3,238",349,"1,547",189,"1,104",49,368,39,185,44,18,15,20,15,,,32,689,,,,,109,,,,,,,"2,173",,,96,,,,,,,"2,600"
2014,용산구,여자,"9,300","4,161",683,"2,183",212,978,105,853,170,488,60,37,26,1,23,,,48,316,,,,,155,,,,,,,"2,011",,,246,,,,,,,"1,558"
2014,성동구,계,"12,399","9,017","2,329","5,964",210,239,275,"1,207",705,292,66,38,29,10,39,,,28,299,,,,,100,,,,,,,929,,,56,,,,,,,791
2014,성동구,남자,"5,575","3,854",923,"2,646",91,63,131,513,262,145,36,29,12,9,14,,,6,252,,,,,40,,,,,,,458,,,18,,,,,,,440
2014,성동구,여자,"6,824","5,163","1,406","3,318",119,176,144,694,443,147,30,9,17,1,25,,,22,47,,,,,60,,,,,,,471,,,38,,,,,,,351
2014,광진구,계,"20,187","17,499","3,862","12,692",164,550,231,875,507,173,59,46,40,10,18,,,22,305,,,,,105,,,,,,,768,,,85,,,,,,,550
2014,광진구,남자,"8,760","7,465","1,495","5,622",73,197,78,306,178,60,13,24,11,5,10,,,5,208,,,,,37,,,,,,,419,,,30,,,,,,,295
2014,광진구,여자,"11,427","10,034","2,367","7,070",91,353,153,569,329,113,46,22,29,5,8,,,17,97,,,,,68,,,,,,,349,,,55,,,,,,,255
2014,동대문구,계,"17,871","13,766","4,722","7,589",344,554,557,"1,416",680,325,61,67,68,18,61,,,136,483,,,,,336,,,,,,,631,,,172,,,,,,,"1,067"
2014,동대문구,남자,"7,450","5,529","1,723","3,357",110,133,206,465,207,123,8,25,29,5,31,,,37,367,,,,,142,,,,,,,318,,,65,,,,,,,564
2014,동대문구,여자,"10,421","8,237","2,999","4,232",234,421,351,951,473,202,53,42,39,13,30,,,99,116,,,,,194,,,,,,,313,,,107,,,,,,,503
2014,중랑구,계,"8,423","6,615","1,278","4,549",101,233,454,"1,070",707,236,61,16,42,3,2,,,3,105,,,,,100,,,,,,,297,,,43,,,,,,,193
2014,중랑구,남자,"3,299","2,618",412,"1,910",50,69,177,290,176,77,13,8,13,-,2,,,1,73,,,,,36,,,,,,,164,,,14,,,,,,,104
2014,중랑구,여자,"5,124","3,997",866,"2,639",51,164,277,780,531,159,48,8,29,3,-,,,2,32,,,,,64,,,,,,,133,,,29,,,,,,,89
2014,성북구,계,"13,017","8,481","3,476","3,527",385,456,637,"1,553",802,363,41,105,65,17,78,,,82,398,,,,,168,,,,,,,"1,164",,,132,,,,,,,"1,121"
2014,성북구,남자,"5,363","3,285","1,341","1,388",174,135,247,477,230,106,10,42,20,6,40,,,23,287,,,,,58,,,,,,,584,,,43,,,,,,,629
2014,성북구,여자,"7,654","5,196","2,135","2,139",211,321,390,"1,076",572,257,31,63,45,11,38,,,59,111,,,,,110,,,,,,,580,,,89,,,,,,,492
2014,강북구,계,"6,241","4,549",851,"3,198",125,201,174,928,567,202,53,9,77,3,3,,,14,82,,,,,92,,,,,,,311,,,25,,,,,,,254
2014,강북구,남자,"2,319","1,663",266,"1,209",53,73,62,258,130,71,14,4,31,2,1,,,5,59,,,,,30,,,,,,,155,,,9,,,,,,,145
2014,강북구,여자,"3,922","2,886",585,"1,989",72,128,112,670,437,131,39,5,46,1,2,,,9,23,,,,,62,,,,,,,156,,,16,,,,,,,109
2014,도봉구,계,"4,256","2,564",817,"1,382",62,188,115,811,413,269,36,13,57,10,-,,,13,58,,,,,70,,,,,,,442,,,8,,,,,,,303
2014,도봉구,남자,"1,630",914,235,552,36,52,39,273,97,115,18,6,21,8,-,,,8,50,,,,,21,,,,,,,212,,,2,,,,,,,158
2014,도봉구,여자,"2,626","1,650",582,830,26,136,76,538,316,154,18,7,36,2,-,,,5,8,,,,,49,,,,,,,230,,,6,,,,,,,145
2014,노원구,계,"6,656","4,250","1,351","2,193",145,406,155,811,474,198,25,30,59,5,5,,,15,140,,,,,85,,,,,,,790,,,41,,,,,,,539
2014,노원구,남자,"2,818","1,704",535,911,63,131,64,262,133,77,11,17,16,3,1,,,4,103,,,,,44,,,,,,,408,,,15,,,,,,,282
2014,노원구,여자,"3,838","2,546",816,"1,282",82,275,91,549,341,121,14,13,43,2,4,,,11,37,,,,,41,,,,,,,382,,,26,,,,,,,257
2014,은평구,계,"8,906","6,335","1,308","3,693",641,619,74,"1,179",735,212,55,44,81,6,15,,,31,80,,,,,122,,,,,,,688,,,36,,,,,,,466
2014,은평구,남자,"3,676","2,611",493,"1,503",345,246,24,348,192,69,11,23,29,4,5,,,15,57,,,,,44,,,,,,,350,,,13,,,,,,,253
2014,은평구,여자,"5,230","3,724",815,"2,190",296,373,50,831,543,143,44,21,52,2,10,,,16,23,,,,,78,,,,,,,338,,,23,,,,,,,213
2014,서대문구,계,"13,671","8,793","2,610","2,674","2,474",875,160,"1,244",419,166,162,79,44,22,60,,,292,359,,,,,143,,,,,,,"1,637",,,134,,,,,,,"1,361"
2014,서대문구,남자,"5,524","3,382",866,"1,031","1,245",194,46,316,112,41,40,32,11,4,21,,,55,219,,,,,50,,,,,,,835,,,36,,,,,,,686
2014,서대문구,여자,"8,147","5,411","1,744","1,643","1,229",681,114,928,307,125,122,47,33,18,39,,,237,140,,,,,93,,,,,,,802,,,98,,,,,,,675
2014,마포구,계,"14,471","9,771","2,601","4,342","1,617","1,103",108,"1,012",384,168,120,46,50,5,34,,,205,318,,,,,123,,,,,,,"1,654",,,93,,,,,,,"1,500"
2014,마포구,남자,"6,329","3,976",874,"1,815",792,450,45,310,114,46,41,18,21,1,14,,,55,211,,,,,48,,,,,,,922,,,34,,,,,,,828
2014,마포구,여자,"8,142","5,795","1,727","2,527",825,653,63,702,270,122,79,28,29,4,20,,,150,107,,,,,75,,,,,,,732,,,59,,,,,,,672
2014,양천구,계,"9,262","6,822","1,057","5,108",291,288,78,817,422,268,46,10,40,12,2,,,17,65,,,,,48,,,,,,,888,,,34,,,,,,,588
2014,양천구,남자,"3,921","2,882",341,"2,263",153,96,29,260,111,99,18,6,12,6,2,,,6,47,,,,,16,,,,,,,425,,,11,,,,,,,280
2014,양천구,여자,"5,341","3,940",716,"2,845",138,192,49,557,311,169,28,4,28,6,-,,,11,18,,,,,32,,,,,,,463,,,23,,,,,,,308
2014,강서구,계,"12,079","8,575","1,824","5,844",313,512,82,"1,207",597,390,57,57,49,14,23,,,20,241,,,,,140,,,,,,,864,,,94,,,,,,,958
2014,강서구,남자,"5,461","3,578",614,"2,543",175,211,35,448,161,173,25,37,16,8,21,,,7,169,,,,,58,,,,,,,482,,,39,,,,,,,687
2014,강서구,여자,"6,618","4,997","1,210","3,301",138,301,47,759,436,217,32,20,33,6,2,,,13,72,,,,,82,,,,,,,382,,,55,,,,,,,271
2014,구로구,계,"45,232","42,789","4,415","37,703",261,343,67,"1,069",541,257,83,32,65,39,39,,,13,199,,,,,127,,,,,,,539,,,62,,,,,,,447
2014,구로구,남자,"22,216","21,059","1,766","19,023",130,111,29,401,166,93,52,14,18,27,28,,,3,165,,,,,37,,,,,,,281,,,18,,,,,,,255
2014,구로구,여자,"23,016","21,730","2,649","18,680",131,232,38,668,375,164,31,18,47,12,11,,,10,34,,,,,90,,,,,,,258,,,44,,,,,,,192
2014,금천구,계,"28,018","26,333","3,470","22,523",85,133,122,"1,014",548,250,55,40,65,48,2,,,6,215,,,,,53,,,,,,,169,,,10,,,,,,,224
2014,금천구,남자,"13,805","12,975","1,396","11,435",44,35,65,434,182,109,32,27,35,45,1,,,3,176,,,,,33,,,,,,,96,,,6,,,,,,,85
2014,금천구,여자,"14,213","13,358","2,074","11,088",41,98,57,580,366,141,23,13,30,3,1,,,3,39,,,,,20,,,,,,,73,,,4,,,,,,,139
2014,영등포구,계,"58,927","55,700","4,723","50,199",487,215,76,859,420,191,58,62,37,57,11,,,23,194,,,,,93,,,,,,,"1,207",,,53,,,,,,,821
2014,영등포구,남자,"28,568","27,018","2,087","24,565",254,79,33,290,107,57,26,30,14,42,6,,,8,143,,,,,32,,,,,,,607,,,13,,,,,,,465
2014,영등포구,여자,"30,359","28,682","2,636","25,634",233,136,43,569,313,134,32,32,23,15,5,,,15,51,,,,,61,,,,,,,600,,,40,,,,,,,356
2014,동작구,계,"17,358","14,785","3,144","11,103",191,269,78,708,440,107,41,15,50,5,14,,,36,70,,,,,78,,,,,,,773,,,57,,,,,,,887
2014,동작구,남자,"7,804","6,520","1,278","5,020",90,107,25,244,161,26,15,3,19,2,9,,,9,51,,,,,25,,,,,,,404,,,19,,,,,,,541
2014,동작구,여자,"9,554","8,265","1,866","6,083",101,162,53,464,279,81,26,12,31,3,5,,,27,19,,,,,53,,,,,,,369,,,38,,,,,,,346
2014,관악구,계,"29,311","25,003","2,926","21,245",148,460,224,"1,501",738,239,79,77,107,17,166,,,78,384,,,,,173,,,,,,,976,,,107,,,,,,,"1,167"
2014,관악구,남자,"13,042","10,991","1,123","9,549",60,179,80,493,240,73,17,27,31,6,77,,,22,252,,,,,66,,,,,,,520,,,29,,,,,,,691
2014,관악구,여자,"16,269","14,012","1,803","11,696",88,281,144,"1,008",498,166,62,50,76,11,89,,,56,132,,,,,107,,,,,,,456,,,78,,,,,,,476
2014,서초구,계,"10,706","4,069",900,"2,498",190,454,27,461,151,137,54,21,33,18,8,,,39,178,,,,,40,,,,,,,"3,377",,,72,,,,,,,"2,509"
2014,서초구,남자,"5,100","1,709",449,921,83,244,12,167,49,35,26,12,15,8,4,,,18,105,,,,,13,,,,,,,"1,730",,,29,,,,,,,"1,347"
2014,서초구,여자,"5,606","2,360",451,"1,577",107,210,15,294,102,102,28,9,18,10,4,,,21,73,,,,,27,,,,,,,"1,647",,,43,,,,,,,"1,162"
2014,강남구,계,"13,036","4,817","1,193","2,491",221,873,39,588,244,122,79,34,26,8,27,,,48,372,,,,,101,,,,,,,"4,626",,,93,,,,,,,"2,439"
2014,강남구,남자,"6,476","2,059",621,859,116,452,11,295,137,47,46,20,7,6,12,,,20,250,,,,,30,,,,,,,"2,526",,,36,,,,,,,"1,280"
2014,강남구,여자,"6,560","2,758",572,"1,632",105,421,28,293,107,75,33,14,19,2,15,,,28,122,,,,,71,,,,,,,"2,100",,,57,,,,,,,"1,159"
2014,송파구,계,"13,688","9,357","1,550","7,069",173,479,86,927,507,218,62,38,46,21,4,,,31,90,,,,,69,,,,,,,"1,957",,,52,,,,,,,"1,236"
2014,송파구,남자,"6,021","3,986",558,"3,092",83,213,40,348,165,84,39,11,19,18,2,,,10,64,,,,,23,,,,,,,961,,,19,,,,,,,620
2014,송파구,여자,"7,667","5,371",992,"3,977",90,266,46,579,342,134,23,27,27,3,2,,,21,26,,,,,46,,,,,,,996,,,33,,,,,,,616
2014,강동구,계,"9,214","6,731","1,201","4,978",89,358,105,960,615,202,35,19,45,19,19,,,6,168,,,,,76,,,,,,,671,,,23,,,,,,,585
2014,강동구,남자,"3,817","2,749",378,"2,167",46,123,35,301,166,62,15,10,19,19,9,,,1,108,,,,,24,,,,,,,332,,,9,,,,,,,294
2014,강동구,여자,"5,397","3,982",823,"2,811",43,235,70,659,449,140,20,9,26,-,10,,,5,60,,,,,52,,,,,,,339,,,14,,,,,,,291
2015,합계,계,"457,806","356,668","67,340","262,545","10,233","12,172","4,378","26,878","13,596","6,139","1,559","1,148","1,443",426,911,,,"1,656","7,175",,,,,"4,132",,,,,,,"32,699",,,"2,456",,,,,,,"27,798"
2015,합계,남자,"209,169","160,279","25,416","123,583","4,896","4,742","1,642","9,195","4,242","2,108",565,556,592,262,416,,,454,"5,016",,,,,"1,668",,,,,,,"16,717",,,853,,,,,,,"15,441"
2015,합계,여자,"248,637","196,389","41,924","138,962","5,337","7,430","2,736","17,683","9,354","4,031",994,592,851,164,495,,,"1,202","2,159",,,,,"2,464",,,,,,,"15,982",,,"1,603",,,,,,,"12,357"
2015,종로구,계,"12,711","8,596","2,983","4,859",368,274,112,743,369,148,49,39,13,13,26,,,86,652,,,,,138,,,,,,,"1,344",,,64,,,,,,,"1,174"
2015,종로구,남자,"5,670","3,566","1,176","2,107",142,102,39,243,129,42,21,13,6,4,7,,,21,448,,,,,42,,,,,,,713,,,24,,,,,,,634
2015,종로구,여자,"7,041","5,030","1,807","2,752",226,172,73,500,240,106,28,26,7,9,19,,,65,204,,,,,96,,,,,,,631,,,40,,,,,,,540
2015,중구,계,"12,669","8,475","2,127","4,993",718,300,337,570,244,121,31,51,24,10,33,,,56,480,,,,,919,,,,,,,924,,,462,,,,,,,839
2015,중구,남자,"5,800","3,732",878,"2,200",379,141,134,217,83,39,15,30,9,2,20,,,19,290,,,,,394,,,,,,,496,,,199,,,,,,,472
2015,중구,여자,"6,869","4,743","1,249","2,793",339,159,203,353,161,82,16,21,15,8,13,,,37,190,,,,,525,,,,,,,428,,,263,,,,,,,367
2015,용산구,계,"20,512","7,501","1,234","3,655",377,"2,061",174,"1,490",249,801,118,83,32,31,69,,,107,"1,216",,,,,340,,,,,,,"4,861",,,347,,,,,,,"4,757"
2015,용산구,남자,"10,336","3,277",426,"1,553",165,"1,066",67,495,79,227,47,29,12,21,30,,,50,836,,,,,138,,,,,,,"2,460",,,102,,,,,,,"3,028"
2015,용산구,여자,"10,176","4,224",808,"2,102",212,995,107,995,170,574,71,54,20,10,39,,,57,380,,,,,202,,,,,,,"2,401",,,245,,,,,,,"1,729"
2015,성동구,계,"13,382","9,695","2,473","6,515",224,240,243,"1,295",765,279,71,57,31,14,41,,,37,336,,,,,99,,,,,,,"1,001",,,62,,,,,,,894
2015,성동구,남자,"6,081","4,216",998,"2,931",95,72,120,553,295,134,38,42,11,9,15,,,9,273,,,,,43,,,,,,,493,,,18,,,,,,,485
2015,성동구,여자,"7,301","5,479","1,475","3,584",129,168,123,742,470,145,33,15,20,5,26,,,28,63,,,,,56,,,,,,,508,,,44,,,,,,,409
2015,광진구,계,"22,697","19,764","4,423","14,424",150,484,283,"1,008",612,166,48,40,39,9,59,,,35,318,,,,,161,,,,,,,770,,,91,,,,,,,585
2015,광진구,남자,"9,777","8,351","1,590","6,418",73,170,100,348,208,55,10,23,11,5,30,,,6,220,,,,,90,,,,,,,434,,,33,,,,,,,301
2015,광진구,여자,"12,920","11,413","2,833","8,006",77,314,183,660,404,111,38,17,28,4,29,,,29,98,,,,,71,,,,,,,336,,,58,,,,,,,284
2015,동대문구,계,"18,795","14,380","5,204","7,713",353,571,539,"1,527",741,326,75,56,64,25,72,,,168,543,,,,,374,,,,,,,650,,,191,,,,,,,"1,130"
2015,동대문구,남자,"7,605","5,602","1,735","3,413",124,132,198,475,215,125,13,21,26,11,33,,,31,394,,,,,167,,,,,,,334,,,63,,,,,,,570
2015,동대문구,여자,"11,190","8,778","3,469","4,300",229,439,341,"1,052",526,201,62,35,38,14,39,,,137,149,,,,,207,,,,,,,316,,,128,,,,,,,560
2015,중랑구,계,"8,924","6,914","1,379","4,742",100,226,467,"1,177",763,263,71,16,54,1,2,,,7,102,,,,,120,,,,,,,308,,,59,,,,,,,244
2015,중랑구,남자,"3,540","2,782",436,"2,054",47,64,181,325,192,89,16,8,16,-,2,,,2,78,,,,,40,,,,,,,159,,,21,,,,,,,135
2015,중랑구,여자,"5,384","4,132",943,"2,688",53,162,286,852,571,174,55,8,38,1,-,,,5,24,,,,,80,,,,,,,149,,,38,,,,,,,109
2015,성북구,계,"13,747","8,959","4,087","3,469",391,441,571,"1,644",831,368,35,99,74,17,83,,,137,486,,,,,202,,,,,,,"1,143",,,141,,,,,,,"1,172"
2015,성북구,남자,"5,614","3,422","1,498","1,417",168,128,211,498,226,111,9,41,23,6,44,,,38,369,,,,,80,,,,,,,563,,,44,,,,,,,638
2015,성북구,여자,"8,133","5,537","2,589","2,052",223,313,360,"1,146",605,257,26,58,51,11,39,,,99,117,,,,,122,,,,,,,580,,,97,,,,,,,534
2015,강북구,계,"6,743","4,924","1,005","3,388",139,216,176,993,629,206,49,3,92,4,1,,,9,88,,,,,95,,,,,,,343,,,32,,,,,,,268
2015,강북구,남자,"2,568","1,815",321,"1,311",57,74,52,323,181,65,21,1,50,2,-,,,3,65,,,,,41,,,,,,,168,,,13,,,,,,,143
2015,강북구,여자,"4,175","3,109",684,"2,077",82,142,124,670,448,141,28,2,42,2,1,,,6,23,,,,,54,,,,,,,175,,,19,,,,,,,125
2015,도봉구,계,"4,396","2,663",816,"1,489",69,177,112,861,456,276,44,11,53,8,2,,,11,63,,,,,76,,,,,,,410,,,7,,,,,,,316
2015,도봉구,남자,"1,646",926,230,573,37,48,38,285,109,118,18,7,21,7,1,,,4,49,,,,,23,,,,,,,205,,,2,,,,,,,156
2015,도봉구,여자,"2,750","1,737",586,916,32,129,74,576,347,158,26,4,32,1,1,,,7,14,,,,,53,,,,,,,205,,,5,,,,,,,160
2015,노원구,계,"6,660","4,159","1,497","1,936",159,399,168,832,504,187,19,33,52,5,10,,,22,147,,,,,113,,,,,,,805,,,57,,,,,,,547
2015,노원구,남자,"2,740","1,616",536,822,62,127,69,264,143,70,8,19,10,4,4,,,6,105,,,,,56,,,,,,,398,,,20,,,,,,,281
2015,노원구,여자,"3,920","2,543",961,"1,114",97,272,99,568,361,117,11,14,42,1,6,,,16,42,,,,,57,,,,,,,407,,,37,,,,,,,266
2015,은평구,계,"9,284","6,518","1,573","3,633",626,601,85,"1,326",803,256,63,54,90,6,12,,,42,77,,,,,128,,,,,,,704,,,35,,,,,,,496
2015,은평구,남자,"3,804","2,663",548,"1,524",327,235,29,424,225,101,13,27,33,3,3,,,19,53,,,,,55,,,,,,,338,,,9,,,,,,,262
2015,은평구,여자,"5,480","3,855","1,025","2,109",299,366,56,902,578,155,50,27,57,3,9,,,23,24,,,,,73,,,,,,,366,,,26,,,,,,,234
2015,서대문구,계,"14,445","9,222","3,151","2,625","2,527",756,163,"1,427",496,183,145,67,62,61,110,,,303,379,,,,,144,,,,,,,"1,652",,,151,,,,,,,"1,470"
2015,서대문구,남자,"5,775","3,538","1,019","1,062","1,242",168,47,405,133,50,41,21,20,33,46,,,61,217,,,,,49,,,,,,,818,,,46,,,,,,,702
2015,서대문구,여자,"8,670","5,684","2,132","1,563","1,285",588,116,"1,022",363,133,104,46,42,28,64,,,242,162,,,,,95,,,,,,,834,,,105,,,,,,,768
2015,마포구,계,"16,022","10,498","3,212","4,473","1,599","1,116",98,"1,209",418,171,172,53,80,8,45,,,262,293,,,,,153,,,,,,,"1,986",,,112,,,,,,,"1,771"
2015,마포구,남자,"6,970","4,273","1,039","1,928",786,487,33,387,125,56,52,24,51,5,12,,,62,201,,,,,58,,,,,,,"1,041",,,40,,,,,,,970
2015,마포구,여자,"9,052","6,225","2,173","2,545",813,629,65,822,293,115,120,29,29,3,33,,,200,92,,,,,95,,,,,,,945,,,72,,,,,,,801
2015,양천구,계,"9,772","7,364","1,225","5,455",284,319,81,862,471,260,43,11,42,11,4,,,20,74,,,,,44,,,,,,,805,,,27,,,,,,,596
2015,양천구,남자,"4,145","3,133",426,"2,434",146,99,28,295,145,98,15,6,14,7,2,,,8,53,,,,,13,,,,,,,369,,,8,,,,,,,274
2015,양천구,여자,"5,627","4,231",799,"3,021",138,220,53,567,326,162,28,5,28,4,2,,,12,21,,,,,31,,,,,,,436,,,19,,,,,,,322
2015,강서구,계,"13,183","9,522","1,986","6,574",326,547,89,"1,291",631,418,56,66,62,16,21,,,21,204,,,,,150,,,,,,,923,,,92,,,,,,,"1,001"
2015,강서구,남자,"5,867","3,947",688,"2,849",178,196,36,485,170,174,24,44,35,10,19,,,9,134,,,,,63,,,,,,,500,,,38,,,,,,,700
2015,강서구,여자,"7,316","5,575","1,298","3,725",148,351,53,806,461,244,32,22,27,6,2,,,12,70,,,,,87,,,,,,,423,,,54,,,,,,,301
2015,구로구,계,"53,191","50,648","5,319","44,684",253,343,49,"1,175",637,260,51,35,86,33,55,,,18,192,,,,,112,,,,,,,538,,,49,,,,,,,477
2015,구로구,남자,"26,461","25,300","2,181","22,856",122,117,24,407,198,93,13,17,23,22,36,,,5,157,,,,,35,,,,,,,271,,,14,,,,,,,277
2015,구로구,여자,"26,730","25,348","3,138","21,828",131,226,25,768,439,167,38,18,63,11,19,,,13,35,,,,,77,,,,,,,267,,,35,,,,,,,200
2015,금천구,계,"32,974","31,220","3,478","27,419",94,129,100,"1,087",591,253,62,43,91,41,2,,,4,207,,,,,54,,,,,,,189,,,11,,,,,,,206
2015,금천구,남자,"16,289","15,408","1,404","13,878",45,28,53,483,208,107,41,35,52,38,-,,,2,162,,,,,32,,,,,,,105,,,4,,,,,,,95
2015,금천구,여자,"16,685","15,812","2,074","13,541",49,101,47,604,383,146,21,8,39,3,2,,,2,45,,,,,22,,,,,,,84,,,7,,,,,,,111
2015,영등포구,계,"66,952","63,742","6,796","56,227",446,207,66,920,463,182,46,109,30,36,14,,,40,181,,,,,96,,,,,,,"1,152",,,57,,,,,,,804
2015,영등포구,남자,"32,770","31,258","2,985","27,942",231,78,22,331,144,55,24,55,10,27,6,,,10,136,,,,,28,,,,,,,567,,,12,,,,,,,438
2015,영등포구,여자,"34,182","32,484","3,811","28,285",215,129,44,589,319,127,22,54,20,9,8,,,30,45,,,,,68,,,,,,,585,,,45,,,,,,,366
2015,동작구,계,"19,664","16,921","3,966","12,387",218,282,68,799,522,119,39,17,52,10,13,,,27,77,,,,,80,,,,,,,815,,,66,,,,,,,906
2015,동작구,남자,"8,863","7,515","1,558","5,742",88,104,23,286,198,32,13,7,16,3,6,,,11,53,,,,,33,,,,,,,419,,,21,,,,,,,536
2015,동작구,여자,"10,801","9,406","2,408","6,645",130,178,45,513,324,87,26,10,36,7,7,,,16,24,,,,,47,,,,,,,396,,,45,,,,,,,370
2015,관악구,계,"32,996","28,462","3,883","23,838",155,431,155,"1,609",786,231,71,96,128,27,162,,,108,410,,,,,214,,,,,,,992,,,116,,,,,,,"1,193"
2015,관악구,남자,"14,729","12,626","1,473","10,887",63,157,46,536,260,65,19,32,55,14,64,,,27,258,,,,,75,,,,,,,524,,,31,,,,,,,679
2015,관악구,여자,"18,267","15,836","2,410","12,951",92,274,109,"1,073",526,166,52,64,73,13,98,,,81,152,,,,,139,,,,,,,468,,,85,,,,,,,514
2015,서초구,계,"10,667","3,929",940,"2,369",191,402,27,491,159,135,59,23,42,14,21,,,38,202,,,,,82,,,,,,,"3,290",,,59,,,,,,,"2,614"
2015,서초구,남자,"5,077","1,643",442,900,89,202,10,180,53,26,27,17,25,6,9,,,17,128,,,,,36,,,,,,,"1,676",,,24,,,,,,,"1,390"
2015,서초구,여자,"5,590","2,286",498,"1,469",102,200,17,311,106,109,32,6,17,8,12,,,21,74,,,,,46,,,,,,,"1,614",,,35,,,,,,,"1,224"
2015,강남구,계,"12,915","5,009","1,434","2,473",233,835,34,578,232,127,63,33,42,4,25,,,52,236,,,,,95,,,,,,,"4,483",,,90,,,,,,,"2,424"
2015,강남구,남자,"6,334","2,173",722,894,120,429,8,231,100,40,31,15,11,4,12,,,18,182,,,,,36,,,,,,,"2,391",,,36,,,,,,,"1,285"
2015,강남구,여자,"6,581","2,836",712,"1,579",113,406,26,347,132,87,32,18,31,-,13,,,34,54,,,,,59,,,,,,,"2,092",,,54,,,,,,,"1,139"
2015,송파구,계,"14,838","10,326","1,996","7,638",153,466,73,966,560,207,42,34,65,11,8,,,39,122,,,,,71,,,,,,,"1,939",,,53,,,,,,,"1,361"
2015,송파구,남자,"6,581","4,425",717,"3,394",72,204,38,389,216,74,24,13,35,9,4,,,14,84,,,,,18,,,,,,,946,,,20,,,,,,,699
2015,송파구,여자,"8,257","5,901","1,279","4,244",81,262,35,577,344,133,18,21,30,2,4,,,25,38,,,,,53,,,,,,,993,,,33,,,,,,,662
2015,강동구,계,"9,667","7,257","1,153","5,567",80,349,108,998,664,196,37,19,43,11,21,,,7,90,,,,,72,,,,,,,672,,,25,,,,,,,553
2015,강동구,남자,"4,127","3,072",390,"2,494",38,114,36,330,207,62,12,9,17,10,11,,,2,71,,,,,23,,,,,,,329,,,11,,,,,,,291
2015,강동구,여자,"5,540","4,185",763,"3,073",42,235,72,668,457,134,25,10,26,1,10,,,5,19,,,,,49,,,,,,,343,,,14,,,,,,,262
2016,합계,여자,"172,426","132,809","34,156","86,791","3,450","4,393","4,019","14,312","6,809","2,683","2,589",555,519,183,547,109,7,311,"1,235",69,209,146,318,493,"2,247","1,307",639,268,33,531,"10,799","2,966","4,717","1,041",443,443,"2,790","1,150",672,959,29
2016,종로구,계,"10,349","6,824","3,219","2,958",191,195,261,"1,268",576,156,372,49,15,21,22,23,***,34,494,21,49,18,359,47,148,71,59,16,***,75,786,145,354,54,11,56,233,95,72,87,***
2016,종로구,남자,"4,776","2,998","1,361","1,379",75,64,119,497,215,49,172,9,7,14,9,11,***,11,368,15,43,15,258,37,79,34,34,9,***,48,409,71,172,21,7,39,105,47,29,58,***
2016,종로구,여자,"5,573","3,826","1,858","1,579",116,131,142,771,361,107,200,40,8,7,13,12,***,23,126,6,6,***,101,10,69,37,25,7,***,27,377,74,182,33,***,17,128,48,43,29,***
2016,중구,계,"10,200","6,518","2,302","3,226",413,128,449,696,377,99,90,40,20,12,25,8,***,25,236,20,61,5,25,125,896,712,133,45,6,110,529,125,834,279,291,35,229,76,31,144,5
2016,중구,남자,"4,837","3,065","1,065","1,559",222,44,175,270,132,38,27,30,11,7,16,5,***,***,163,16,50,5,16,76,385,297,70,14,***,64,283,62,385,135,115,17,118,31,17,108,***
2016,중구,여자,"5,363","3,453","1,237","1,667",191,84,274,426,245,61,63,10,9,5,9,***,***,21,73,***,11,***,9,49,511,415,63,31,***,46,246,63,449,144,176,18,111,45,14,36,***
2016,용산구,계,"15,283","4,612",862,"2,293",242,"1,034",181,"1,537",225,682,371,59,40,28,72,18,5,37,854,27,320,116,38,353,416,152,173,59,32,246,"3,525",485,"1,363",191,71,229,872,309,164,"1,770",***
2016,용산구,남자,"7,878","2,018",358,"1,039",126,419,76,504,63,166,162,16,17,16,32,11,***,17,643,14,260,86,28,255,235,72,113,31,19,168,"1,782",250,692,52,24,150,466,164,73,"1,347",***
2016,용산구,여자,"7,405","2,594",504,"1,254",116,615,105,"1,033",162,516,209,43,23,12,40,7,***,20,211,13,60,30,10,98,181,80,60,28,13,78,"1,743",235,671,139,47,79,406,145,91,423,***
2016,성동구,계,"10,009","6,973","2,327","4,020",138,147,341,"1,100",488,234,176,63,19,18,72,9,***,17,279,26,95,54,43,61,115,37,49,23,6,61,706,221,293,38,12,30,213,104,62,93,***
2016,성동구,남자,"4,913","3,271","1,049","1,974",62,32,154,504,177,136,70,48,7,10,43,***,***,8,240,26,81,50,38,45,68,21,30,12,5,44,369,110,152,15,5,17,115,55,27,72,***
2016,성동구,여자,"5,096","3,702","1,278","2,046",76,115,187,596,311,98,106,15,12,8,29,7,***,9,39,***,14,***,5,16,47,16,19,11,***,17,337,111,141,23,7,13,98,49,35,21,***
2016,광진구,계,"17,503","14,875","4,290","9,741",95,255,494,930,511,113,124,40,23,21,83,8,***,5,277,11,107,26,28,105,319,206,99,12,***,32,498,158,242,67,8,18,149,61,41,68,***
2016,광진구,남자,"8,092","6,792","1,803","4,687",40,49,213,304,165,34,31,13,7,8,39,5,***,***,202,10,85,19,14,74,197,156,33,6,***,20,280,79,112,28,***,12,71,37,19,50,***
2016,광진구,여자,"9,411","8,083","2,487","5,054",55,206,281,626,346,79,93,27,16,13,44,***,***,5,75,***,22,7,14,31,122,50,66,6,***,12,218,79,130,39,7,6,78,24,22,18,***
2016,동대문구,계,"16,191","11,770","5,671","4,520",297,374,908,"1,647",880,232,216,65,55,37,97,23,***,38,287,24,42,54,69,98,454,247,148,41,18,247,416,114,750,162,69,37,482,81,155,264,6
2016,동대문구,남자,"6,888","4,817","2,086","2,206",93,52,380,607,338,84,81,20,15,12,35,8,***,12,213,19,39,37,46,72,244,139,84,13,8,163,197,55,299,56,31,27,185,41,66,182,***
2016,동대문구,여자,"9,303","6,953","3,585","2,314",204,322,528,"1,040",542,148,135,45,40,25,62,15,***,26,74,5,***,17,23,26,210,108,64,28,10,84,219,59,451,106,38,10,297,40,89,82,***
2016,중랑구,계,"5,770","4,485",670,"2,697",65,107,946,754,442,122,145,13,23,6,***,***,***,***,77,***,9,40,23,***,101,87,8,5,***,12,179,56,71,17,11,15,28,21,6,7,***
2016,중랑구,남자,"2,424","1,991",277,"1,244",32,16,422,172,96,23,32,11,***,5,***,***,***,***,56,***,7,37,8,***,24,23,***,***,***,9,92,27,36,***,5,8,19,10,***,5,***
2016,중랑구,여자,"3,346","2,494",393,"1,453",33,91,524,582,346,99,113,***,21,***,***,***,***,***,21,***,***,***,15,***,77,64,7,5,***,***,87,29,35,13,6,7,9,11,***,***,***
2016,성북구,계,"12,177","7,890","4,548","1,888",253,281,920,"1,563",789,288,197,95,27,13,99,10,5,40,342,14,80,71,61,116,290,104,161,23,***,178,826,202,498,104,20,69,305,94,106,186,***
2016,성북구,남자,"5,356","3,272","1,897",845,107,57,366,566,293,92,58,42,5,6,47,5,***,14,256,12,62,53,37,92,146,62,76,7,***,152,395,98,231,31,10,38,152,60,43,136,***
2016,성북구,여자,"6,821","4,618","2,651","1,043",146,224,554,997,496,196,139,53,22,7,52,5,***,26,86,***,18,18,24,24,144,42,85,16,***,26,431,104,267,73,10,31,153,34,63,50,***
2016,강북구,계,"4,295","3,150",666,"1,915",79,107,383,573,325,102,99,6,33,***,***,***,***,***,55,***,19,7,20,7,68,45,16,7,***,22,248,46,77,25,5,13,34,30,***,17,6
2016,강북구,남자,"1,718","1,291",255,845,34,20,137,131,64,21,28,***,12,***,***,***,***,***,38,***,14,6,13,***,20,14,5,***,***,19,128,21,40,6,***,11,21,17,***,11,***
2016,강북구,여자,"2,577","1,859",411,"1,070",45,87,246,442,261,81,71,***,21,***,***,***,***,***,17,***,5,***,7,***,48,31,11,6,***,***,120,25,37,19,***,***,13,13,***,6,5
2016,도봉구,계,"2,580","1,418",400,751,37,79,151,571,263,179,77,10,27,13,***,***,***,***,63,***,18,6,38,***,85,64,11,10,***,***,260,67,67,8,8,14,37,22,11,14,***
2016,도봉구,남자,"1,043",554,145,315,21,17,56,187,52,83,27,6,6,13,***,***,***,***,53,***,17,6,29,***,30,24,***,***,***,***,127,32,33,***,***,10,17,14,***,8,***
2016,도봉구,여자,"1,537",864,255,436,16,62,95,384,211,96,50,***,21,***,***,***,***,***,10,***,***,***,9,***,55,40,8,7,***,***,133,35,34,5,5,***,20,8,8,6,***
2016,노원구,계,"4,691","2,799","1,230",926,111,180,352,633,359,97,85,22,22,27,14,5,***,***,93,***,18,14,13,48,132,98,31,***,***,41,576,143,145,45,9,22,69,61,24,43,***
2016,노원구,남자,"2,155","1,235",609,427,36,32,131,211,109,24,30,14,***,20,9,***,***,***,69,***,10,11,9,39,86,70,16,***,***,31,274,80,93,25,***,16,48,32,11,32,***
2016,노원구,여자,"2,536","1,564",621,499,75,148,221,422,250,73,55,8,19,7,5,***,***,***,24,***,8,***,***,9,46,28,15,***,***,10,302,63,52,20,5,6,21,29,13,11,***
2016,은평구,계,"5,429","3,692",869,"1,989",409,349,76,713,398,117,119,17,34,11,10,***,***,***,70,11,15,15,14,15,115,80,22,13,***,5,441,118,154,36,17,21,80,54,17,47,***
2016,은평구,남자,"2,371","1,665",395,915,216,116,23,175,87,27,31,10,6,8,***,***,***,***,54,10,15,11,9,9,56,34,16,6,***,***,218,61,74,14,***,14,42,24,7,31,***
2016,은평구,여자,"3,058","2,027",474,"1,074",193,233,53,538,311,90,88,7,28,***,8,***,***,***,16,***,***,***,5,6,59,46,6,7,***,***,223,57,80,22,13,7,38,30,10,16,***
2016,서대문구,계,"11,839","7,436","3,410","1,624","1,728",486,188,"1,336",480,122,341,82,46,27,116,9,***,110,222,9,37,27,30,119,210,74,94,36,6,99,"1,159",235,785,97,33,108,547,118,104,133,***
2016,서대문구,남자,"4,455","2,676","1,053",679,811,77,56,397,148,29,118,11,11,10,32,***,***,34,142,6,25,14,21,76,97,27,56,9,5,59,509,110,321,23,16,62,220,56,34,54,***
2016,서대문구,여자,"7,384","4,760","2,357",945,917,409,132,939,332,93,223,71,35,17,84,6,***,76,80,***,12,13,9,43,113,47,38,27,***,40,650,125,464,74,17,46,327,62,70,79,***
2016,마포구,계,"11,401","7,125","3,056","2,433","1,011",546,79,946,289,83,344,48,33,20,66,7,***,56,224,***,31,23,57,110,163,64,65,30,***,84,"1,302",352,716,62,24,111,519,166,77,244,***
2016,마포구,남자,"4,978","2,780","1,101","1,055",447,148,29,319,85,20,140,10,13,9,25,***,***,15,156,***,24,12,37,80,85,26,36,19,***,54,681,184,347,17,8,61,261,95,45,231,***
2016,마포구,여자,"6,423","4,345","1,955","1,378",564,398,50,627,204,63,204,38,20,11,41,5,***,41,68,***,7,11,20,30,78,38,29,11,***,30,621,168,369,45,16,50,258,71,32,13,***
2016,양천구,계,"5,646","4,220",784,"3,080",157,118,81,512,261,139,75,6,18,***,***,***,***,5,48,19,10,6,7,6,34,20,13,***,***,***,510,164,65,13,***,21,29,62,7,21,***
2016,양천구,남자,"2,637","2,038",350,"1,552",92,19,25,129,52,46,20,***,***,***,***,***,***,***,43,19,10,5,5,***,10,***,7,***,***,***,269,67,33,***,***,14,16,31,***,11,***
2016,양천구,여자,"3,009","2,182",434,"1,528",65,99,56,383,209,93,55,***,15,***,***,***,***,***,5,***,***,***,***,***,24,17,6,***,***,***,241,97,32,10,***,7,13,31,***,10,***
2016,강서구,계,"8,319","5,699","1,136","4,106",171,204,82,987,369,187,118,35,112,108,44,7,***,7,109,***,22,24,8,52,137,71,47,15,***,15,577,187,323,66,21,54,182,133,83,66,***
2016,강서구,남자,"4,039","2,564",484,"1,931",87,35,27,455,101,53,49,21,89,102,35,***,***,***,85,***,19,19,7,39,85,39,36,6,***,12,289,106,238,40,5,42,151,84,65,55,***
2016,강서구,여자,"4,280","3,135",652,"2,175",84,169,55,532,268,134,69,14,23,6,9,5,***,***,24,***,***,5,***,13,52,32,11,9,***,***,288,81,85,26,16,12,31,49,18,11,***
2016,구로구,계,"40,530","38,830","5,437","32,997",158,154,84,764,365,120,113,14,49,44,53,5,***,***,129,20,46,31,13,19,107,43,56,7,***,8,302,112,153,29,28,21,75,67,25,31,***
2016,구로구,남자,"21,865","20,991","2,601","18,239",84,32,35,288,120,47,36,9,17,30,28,***,***,***,117,20,43,30,7,17,72,24,43,***,***,7,163,66,78,9,13,15,41,40,16,26,***
2016,구로구,여자,"18,665","17,839","2,836","14,758",74,122,49,476,245,73,77,5,32,14,25,***,***,***,12,***,***,***,6,***,35,19,13,***,***,***,139,46,75,20,15,6,34,27,9,5,***
2016,금천구,계,"25,029","23,704","2,888","20,590",45,64,117,874,395,183,129,51,79,33,***,***,***,***,170,18,28,40,49,35,55,32,9,14,***,***,110,42,41,13,***,***,20,20,5,7,***
2016,금천구,남자,"13,379","12,668","1,406","11,171",24,8,59,424,150,91,59,38,53,31,***,***,***,***,134,18,24,36,33,23,32,20,6,6,***,***,57,18,21,5,***,***,11,15,***,5,***
2016,금천구,여자,"11,650","11,036","1,482","9,419",21,56,58,450,245,92,70,13,26,***,***,***,***,***,36,***,***,***,16,12,23,12,***,8,***,***,53,24,20,8,***,***,9,5,***,***,***
2016,영등포구,계,"47,757","45,529","5,953","39,120",286,113,57,670,260,94,108,97,24,68,9,5,***,5,131,6,34,20,35,36,61,27,20,12,***,16,720,231,201,29,21,29,122,100,38,55,5
2016,영등포구,남자,"25,145","24,027","3,009","20,821",146,24,27,251,68,21,40,51,12,53,***,***,***,***,106,5,31,20,26,24,25,10,10,***,***,9,375,113,110,9,6,18,77,57,26,42,***
2016,영등포구,여자,"22,612","21,502","2,944","18,299",140,89,30,419,192,73,68,46,12,15,5,***,***,5,25,***,***,***,9,12,36,17,10,9,***,7,345,118,91,20,15,11,45,43,12,13,***
2016,동작구,계,"15,412","12,986","3,713","8,952",108,123,90,805,508,55,136,26,25,13,21,8,***,13,143,53,41,7,6,36,117,63,41,13,***,17,592,191,295,48,11,24,212,71,41,152,***
2016,동작구,남자,"7,291","6,074","1,563","4,402",48,27,34,319,208,14,50,11,10,6,7,5,***,8,94,30,32,5,***,26,69,40,24,5,***,14,303,91,152,10,6,18,118,35,25,115,***
2016,동작구,여자,"8,121","6,912","2,150","4,550",60,96,56,486,300,41,86,15,15,7,14,***,***,5,49,23,9,***,5,10,48,23,17,8,***,***,289,100,143,38,5,6,94,36,16,37,***
2016,관악구,계,"24,466","20,633","3,569","16,516",122,210,216,"1,273",570,128,188,90,70,19,143,27,***,38,318,14,66,52,39,147,233,109,81,35,8,105,689,198,625,106,35,68,416,101,117,165,9
2016,관악구,남자,"11,675","9,854","1,569","8,125",28,49,83,426,178,27,55,31,33,8,65,17,***,12,225,10,53,38,26,98,107,50,38,14,5,64,368,99,288,26,13,45,204,58,60,121,5
2016,관악구,여자,"12,791","10,779","2,000","8,391",94,161,133,847,392,101,133,59,37,11,78,10,***,26,93,***,13,14,13,49,126,59,43,21,***,41,321,99,337,80,22,23,212,43,57,44,***
2016,서초구,계,"6,667","2,257",727,"1,266",94,144,26,406,92,109,100,10,34,15,20,8,***,18,86,***,5,6,7,64,95,30,47,11,7,93,"2,153",652,593,37,6,59,491,200,60,69,***
2016,서초구,남자,"3,291","1,071",476,505,36,44,10,154,32,15,42,6,21,10,13,6,***,9,55,***,5,***,***,42,62,16,31,8,7,56,"1,087",270,338,19,***,35,280,105,35,55,***
2016,서초구,여자,"3,376","1,186",251,761,58,100,16,252,60,94,58,***,13,5,7,***,***,9,31,***,***,***,***,22,33,14,16,***,***,37,"1,066",382,255,18,***,24,211,95,25,14,***
2016,강남구,계,"7,985","2,756","1,106","1,275",98,232,45,458,179,82,128,18,19,***,16,5,***,9,88,***,9,***,14,58,89,38,40,8,***,59,"2,997",787,407,52,***,92,260,258,36,49,***
2016,강남구,남자,"4,051","1,319",683,489,55,82,10,190,78,35,53,6,***,***,8,***,***,5,76,***,7,***,13,49,55,17,31,***,***,38,"1,593",353,233,19,***,57,156,138,21,34,***
2016,강남구,여자,"3,934","1,437",423,786,43,150,35,268,101,47,75,12,17,***,8,***,***,***,12,***,***,***,***,9,34,21,9,***,***,21,"1,404",434,174,33,***,35,104,120,15,15,***
2016,송파구,계,"9,746","6,508","1,069","5,084",80,165,110,707,295,95,133,16,75,79,***,5,***,5,75,14,7,14,12,28,63,35,21,5,***,78,"1,417",468,238,31,6,40,161,132,38,22,***
2016,송파구,남자,"4,698","3,127",520,"2,471",40,40,56,337,106,26,53,***,66,76,***,***,***,***,59,13,6,13,8,19,24,10,12,***,***,40,679,205,118,8,***,25,85,66,28,15,***
2016,송파구,여자,"5,048","3,381",549,"2,613",40,125,54,370,189,69,80,12,9,***,***,***,***,***,16,***,***,***,***,9,39,25,9,***,***,38,738,263,120,23,6,15,76,66,10,7,***
2016,강동구,계,"5,893","4,338",658,"3,372",48,123,137,633,314,83,112,9,75,12,24,***,***,***,71,***,25,16,8,18,65,40,16,8,***,7,438,173,54,14,***,22,14,71,20,21,***
2016,강동구,남자,"2,786","2,060",289,"1,673",24,22,52,227,84,17,43,***,50,12,15,***,***,***,59,***,23,16,5,12,28,14,10,***,***,***,230,78,31,***,***,15,10,45,11,12,***
2016,강동구,여자,"3,107","2,278",369,"1,699",24,101,85,406,230,66,69,5,25,***,9,***,***,***,12,***,***,***,***,6,37,26,6,5,***,***,208,95,23,10,***,7,***,26,9,9,***
2016,합계,계,"343,927","261,478","66,238","174,895","6,618","6,198","7,529","26,545","12,522","3,638","5,318","1,001","1,048",825,"1,418",205,29,541,"5,215",308,"1,304",649,"1,014","1,940","5,749","2,690","2,511",431,117,"1,828","18,909","5,775","10,353","1,830",773,"1,350","6,400","2,584","1,366","4,076",49
2016,합계,남자,"165,249","125,212","28,557","89,188","2,926","1,501","3,040","9,571","4,340","1,070","1,561",393,544,614,767,79,20,183,"3,901",236,"1,050",512,708,"1,395","3,105","1,388","1,459",181,77,"1,132","9,482","2,741","4,998",645,310,856,"3,187","1,351",632,"3,098",26
2017,합계,여자,"178,678","136,266","37,681","85,707","3,692","4,697","4,489","16,974","8,182","2,568","3,757",608,504,211,651,126,9,358,"1,314",72,254,137,306,545,"2,644","1,302","1,052",250,40,696,"9,427","3,034","5,355","1,185",463,494,"3,213","1,233",734,978,23
2017,종로구,계,"10,979","7,131","3,837","2,666",219,202,207,"1,603",893,126,397,47,21,35,39,16,***,29,472,10,44,17,339,62,186,70,96,15,5,90,650,156,395,45,8,70,272,110,95,89,***
2017,종로구,남자,"4,913","2,954","1,514","1,195",81,69,95,688,397,46,155,12,14,27,18,9,***,10,345,8,38,13,236,50,106,37,58,7,***,52,336,74,203,18,7,51,127,53,43,59,***
2017,종로구,여자,"6,066","4,177","2,323","1,471",138,133,112,915,496,80,242,35,7,8,21,7,***,19,127,***,6,***,103,12,80,33,38,8,***,38,314,82,192,27,***,19,145,57,52,30,***
2017,중구,계,"10,265","6,427","2,405","3,036",408,150,428,879,496,96,127,37,24,15,41,7,***,35,217,22,57,5,23,110,890,648,183,51,8,166,479,138,819,217,295,26,281,59,37,150,***
2017,중구,남자,"4,804","2,986","1,123","1,451",194,48,170,331,174,33,30,25,15,9,28,5,***,11,145,16,46,***,15,66,397,272,101,18,6,92,253,57,374,103,123,12,136,27,23,116,***
2017,중구,여자,"5,461","3,441","1,282","1,585",214,102,258,548,322,63,97,12,9,6,13,***,***,24,72,6,11,***,8,44,493,376,82,33,***,74,226,81,445,114,172,14,145,32,14,34,***
2017,용산구,계,"16,005","4,310",815,"2,055",254,"1,003",183,"1,908",279,617,484,61,28,37,323,20,5,54,890,26,332,100,30,402,625,153,366,75,31,325,"3,328",481,"1,556",218,65,265,"1,008",292,170,"2,117",***
2017,용산구,남자,"8,712","1,936",361,937,127,439,72,722,79,149,178,10,***,16,246,15,***,21,688,12,265,77,19,315,393,73,253,49,18,214,"1,746",264,811,58,22,174,557,157,74,"1,704",***
2017,용산구,여자,"7,293","2,374",454,"1,118",127,564,111,"1,186",200,468,306,51,24,21,77,5,***,33,202,14,67,23,11,87,232,80,113,26,13,111,"1,582",217,745,160,43,91,451,135,96,413,***
2017,성동구,계,"10,436","7,109","2,548","3,903",136,146,376,"1,259",595,207,209,75,30,31,76,9,***,25,320,27,145,41,37,70,169,62,85,17,5,53,739,221,318,36,10,41,231,112,57,78,***
2017,성동구,남자,"5,042","3,265","1,126","1,882",66,30,161,572,233,110,74,56,17,24,44,***,***,11,258,27,105,37,36,53,111,43,59,5,***,35,389,110,164,13,***,26,121,53,26,58,***
2017,성동구,여자,"5,394","3,844","1,422","2,021",70,116,215,687,362,97,135,19,13,7,32,7,***,14,62,***,40,***,***,17,58,19,26,12,***,18,350,111,154,23,6,15,110,59,31,20,***
2017,광진구,계,"18,399","15,328","4,750","9,507",113,269,689,"1,212",702,106,189,53,29,19,89,9,***,14,363,14,144,32,50,123,450,291,142,14,***,44,396,162,274,91,13,27,143,59,46,63,***
2017,광진구,남자,"8,323","6,832","1,913","4,516",44,40,319,381,227,23,34,20,14,8,43,7,***,***,264,12,118,23,29,82,298,230,59,7,***,27,214,70,135,49,***,18,64,36,17,49,***
2017,광진구,여자,"10,076","8,496","2,837","4,991",69,229,370,831,475,83,155,33,15,11,46,***,***,11,99,***,26,9,21,41,152,61,83,7,***,17,182,92,139,42,9,9,79,23,29,14,***
2017,동대문구,계,"17,942","12,536","6,647","4,248",302,373,966,"2,650","1,678",232,364,74,74,46,113,29,***,37,269,20,39,50,64,96,553,275,213,45,20,231,369,114,771,174,72,44,481,70,134,241,***
2017,동대문구,남자,"7,483","4,965","2,403","2,015",100,53,394,"1,084",781,78,99,21,30,17,37,8,***,12,203,16,39,37,42,69,313,170,121,13,9,152,173,62,288,64,32,28,164,40,42,158,***
2017,동대문구,여자,"10,459","7,571","4,244","2,233",202,320,572,"1,566",897,154,265,53,44,29,76,21,***,25,66,***,***,13,22,27,240,105,92,32,11,79,196,52,483,110,40,16,317,30,92,83,***
2017,중랑구,계,"6,013","4,645",704,"2,689",72,111,"1,069",843,507,110,193,5,21,***,***,***,***,***,72,***,12,30,19,7,101,76,16,8,***,15,148,60,91,22,17,19,33,18,8,12,***
2017,중랑구,남자,"2,475","2,005",279,"1,213",33,15,465,189,127,23,31,***,***,***,***,***,***,***,61,***,11,28,12,6,33,22,8,***,***,11,73,34,46,7,5,12,22,10,***,9,***
2017,중랑구,여자,"3,538","2,640",425,"1,476",39,96,604,654,380,87,162,***,20,***,***,***,***,***,11,***,***,***,7,***,68,54,8,5,***,***,75,26,45,15,12,7,11,8,***,***,***
2017,성북구,계,"13,191","8,420","4,993","1,746",263,325,"1,093","1,901","1,047",267,279,94,28,19,115,9,6,37,400,9,92,83,55,161,413,174,208,24,7,146,756,179,595,150,30,82,333,96,96,188,***
2017,성북구,남자,"5,694","3,437","2,057",787,106,49,438,699,430,82,61,37,7,7,57,5,5,8,282,6,71,58,36,111,235,115,105,9,6,117,338,87,275,49,15,43,168,47,38,139,***
2017,성북구,여자,"7,497","4,983","2,936",959,157,276,655,"1,202",617,185,218,57,21,12,58,***,***,29,118,***,21,25,19,50,178,59,103,15,***,29,418,92,320,101,15,39,165,49,58,49,***
2017,강북구,계,"4,443","3,236",745,"1,892",85,99,415,614,355,94,136,***,17,***,***,***,***,***,69,***,25,7,26,11,92,45,40,7,***,27,188,48,103,33,9,10,51,30,15,16,5
2017,강북구,남자,"1,719","1,313",297,819,38,10,149,113,65,21,21,***,***,***,***,***,***,***,47,***,19,6,15,7,29,17,12,***,***,25,88,26,49,8,***,10,29,17,***,8,***
2017,강북구,여자,"2,724","1,923",448,"1,073",47,89,266,501,290,73,115,***,15,***,***,***,***,***,22,***,6,***,11,***,63,28,28,7,***,***,100,22,54,25,7,***,22,13,12,8,***
2017,도봉구,계,"2,629","1,478",413,778,37,76,174,636,297,161,112,8,38,18,***,***,***,***,69,***,25,8,33,***,81,60,15,6,***,***,212,60,58,11,***,12,31,12,8,12,***
2017,도봉구,남자,"1,059",592,153,340,23,11,65,194,61,65,27,***,19,17,***,***,***,***,58,***,22,5,28,***,29,23,5,***,***,***,104,29,31,***,***,9,17,8,***,8,***
2017,도봉구,여자,"1,570",886,260,438,14,65,109,442,236,96,85,***,19,***,***,***,***,***,11,***,***,***,5,***,52,37,10,5,***,***,108,31,27,7,***,***,14,***,***,***,***
2017,노원구,계,"4,731","2,829","1,235",821,121,171,481,758,455,95,125,17,27,29,5,***,***,***,100,***,15,12,13,58,140,89,47,***,***,33,407,121,194,64,14,28,88,63,29,56,***
2017,노원구,남자,"2,092","1,212",601,377,39,18,177,233,141,25,32,11,9,12,***,***,***,***,74,***,6,12,10,45,89,60,26,***,***,22,187,71,115,27,7,20,61,33,14,41,***
2017,노원구,여자,"2,639","1,617",634,444,82,153,304,525,314,70,93,6,18,17,***,***,***,***,26,***,9,***,***,13,51,29,21,***,***,11,220,50,79,37,7,8,27,30,15,15,***
2017,은평구,계,"5,592","3,709",896,"2,005",395,342,71,877,436,109,169,18,76,37,15,***,***,13,70,8,8,12,13,29,127,68,51,8,***,8,388,121,165,35,20,26,84,59,18,48,***
2017,은평구,남자,"2,425","1,646",401,912,205,106,22,256,101,26,30,8,46,32,6,***,***,6,53,7,8,10,10,18,55,30,23,***,***,5,197,62,80,11,8,18,43,27,8,35,***
2017,은평구,여자,"3,167","2,063",495,"1,093",190,236,49,621,335,83,139,10,30,5,9,***,***,7,17,***,***,***,***,11,72,38,28,6,***,***,191,59,85,24,12,8,41,32,10,13,***
2017,서대문구,계,"13,152","8,260","4,279","1,513","1,783",489,196,"1,612",658,143,390,86,49,36,125,22,***,100,248,8,33,25,34,148,249,64,151,28,6,143,"1,132",266,858,112,27,105,614,132,99,151,***
2017,서대문구,남자,"4,812","2,942","1,368",647,802,69,56,415,167,29,113,11,11,15,36,***,***,31,157,5,24,15,21,92,128,30,90,***,***,69,495,123,325,27,7,57,234,60,27,70,***
2017,서대문구,여자,"8,340","5,318","2,911",866,981,420,140,"1,197",491,114,277,75,38,21,89,21,***,69,91,***,9,10,13,56,121,34,61,24,***,74,637,143,533,85,20,48,380,72,72,81,***
2017,마포구,계,"11,960","7,397","3,393","2,267","1,032",629,76,"1,160",344,96,380,71,35,48,93,8,***,81,249,11,37,25,60,116,218,48,144,21,5,84,"1,189",397,808,87,30,116,575,196,100,160,***
2017,마포구,남자,"5,015","2,813","1,210",973,437,168,25,396,99,28,124,15,12,41,44,***,***,29,179,10,30,15,38,86,118,19,82,13,***,49,608,201,359,26,11,72,250,106,44,141,***
2017,마포구,여자,"6,945","4,584","2,183","1,294",595,461,51,764,245,68,256,56,23,7,49,6,***,52,70,***,7,10,22,30,100,29,62,8,***,35,581,196,449,61,19,44,325,90,56,19,***
2017,양천구,계,"5,468","4,070",806,"2,942",152,105,65,577,284,130,107,8,22,16,5,***,***,***,59,24,14,9,7,5,50,28,22,***,***,5,366,167,77,26,***,23,25,77,9,11,***
2017,양천구,남자,"2,468","1,927",373,"1,448",78,10,18,152,66,38,21,***,7,13,***,***,***,***,51,24,13,6,***,***,18,8,10,***,***,***,172,61,33,5,***,14,14,38,6,6,***
2017,양천구,여자,"3,000","2,143",433,"1,494",74,95,47,425,218,92,86,5,15,***,***,***,***,***,8,***,***,***,***,***,32,20,12,***,***,***,194,106,44,21,***,9,11,39,***,5,***
2017,강서구,계,"8,682","6,091","1,168","4,411",205,216,91,964,363,162,169,39,88,79,55,5,***,***,107,10,16,25,12,44,178,71,88,15,***,18,518,229,313,81,23,57,152,130,73,60,***
2017,강서구,남자,"4,114","2,735",482,"2,083",102,37,31,386,94,37,48,20,64,75,44,***,***,***,86,9,15,20,12,30,96,28,59,6,***,15,262,134,208,46,8,36,118,85,57,50,***
2017,강서구,여자,"4,568","3,356",686,"2,328",103,179,60,578,269,125,121,19,24,***,11,***,***,***,21,***,***,5,***,14,82,43,29,9,***,***,256,95,105,35,15,21,34,45,16,10,***
2017,구로구,계,"41,907","40,041","5,950","33,674",155,165,97,948,440,116,166,21,64,75,59,7,***,***,136,20,47,27,13,29,116,45,62,8,***,6,259,114,168,36,21,27,84,53,20,44,***
2017,구로구,남자,"22,656","21,706","2,961","18,600",72,33,40,387,159,51,43,13,32,55,33,***,***,***,114,19,39,25,7,24,81,27,48,5,***,***,137,66,83,12,11,20,40,30,9,38,***
2017,구로구,여자,"19,251","18,335","2,989","15,074",83,132,57,561,281,65,123,8,32,20,26,6,***,***,22,***,8,***,6,5,35,18,14,***,***,***,122,48,85,24,10,7,44,23,11,6,***
2017,금천구,계,"25,443","24,161","3,007","20,902",50,73,129,853,383,159,169,41,63,33,5,***,***,***,146,12,20,33,44,37,57,27,20,10,***,***,89,44,59,20,9,***,27,16,7,10,***
2017,금천구,남자,"13,673","13,020","1,480","11,433",26,12,69,386,133,76,68,32,40,33,***,***,***,***,113,11,19,30,29,24,31,12,15,***,***,***,42,23,33,9,6,***,17,13,5,6,***
2017,금천구,여자,"11,770","11,141","1,527","9,469",24,61,60,467,250,83,101,9,23,***,***,***,***,***,33,***,***,***,15,13,26,15,5,6,***,***,47,21,26,11,***,***,10,***,***,***,***
2017,영등포구,계,"46,708","44,639","6,083","38,086",274,146,50,678,257,86,143,53,23,83,15,6,***,12,130,6,29,21,45,29,71,33,32,5,***,12,577,227,199,32,25,32,110,88,23,58,6
2017,영등포구,남자,"24,709","23,687","3,110","20,403",133,21,20,269,71,20,50,30,13,75,7,***,***,***,111,***,28,21,35,23,35,13,19,***,***,8,284,116,95,6,***,22,63,44,14,42,***
2017,영등포구,여자,"21,999","20,952","2,973","17,683",141,125,30,409,186,66,93,23,10,8,8,***,***,11,19,***,***,***,10,6,36,20,13,***,***,***,293,111,104,26,21,10,47,44,9,16,***
2017,동작구,계,"16,009","13,398","4,336","8,725",111,136,90,"1,039",626,64,184,42,39,21,35,8,***,18,152,32,49,9,6,56,155,55,85,13,***,14,483,182,322,71,8,21,222,82,47,133,***
2017,동작구,남자,"7,454","6,207","1,844","4,273",40,25,25,383,241,12,55,13,22,14,14,5,***,5,105,14,39,7,***,41,82,28,46,7,***,11,237,81,185,19,***,18,145,39,25,99,***
2017,동작구,여자,"8,555","7,191","2,492","4,452",71,111,65,656,385,52,129,29,17,7,21,***,***,13,47,18,10,***,***,15,73,27,39,6,***,***,246,101,137,52,5,***,77,43,22,34,***
2017,관악구,계,"24,475","20,553","3,592","16,386",124,219,232,"1,314",572,111,277,85,66,26,125,19,***,33,330,19,56,43,45,167,318,114,165,33,6,123,577,193,658,109,39,66,444,92,117,195,5
2017,관악구,남자,"11,466","9,661","1,544","7,948",37,44,88,428,183,23,74,27,39,11,55,7,***,9,231,12,44,32,33,110,146,46,82,15,***,61,322,92,273,25,18,32,198,52,58,139,***
2017,관악구,여자,"13,009","10,892","2,048","8,438",87,175,144,886,389,88,203,58,27,15,70,12,***,24,99,7,12,11,12,57,172,68,83,18,***,62,255,101,385,84,21,34,246,40,59,56,***
2017,서초구,계,"6,538","2,170",705,"1,159",99,180,27,457,113,111,111,18,17,19,36,7,***,25,118,10,15,***,13,77,153,42,99,7,5,114,"1,742",627,763,50,9,92,612,235,71,86,***
2017,서초구,남자,"3,168",994,435,459,38,50,12,167,46,14,35,9,10,15,20,6,***,12,92,8,11,***,13,57,91,20,61,5,5,69,861,261,413,22,5,58,328,118,36,64,***
2017,서초구,여자,"3,370","1,176",270,700,61,130,15,290,67,97,76,9,7,***,16,***,***,13,26,***,***,***,***,20,62,22,38,***,***,45,881,366,350,28,***,34,284,117,35,22,***
2017,강남구,계,"7,655","2,837","1,175","1,245",96,264,57,447,158,70,133,20,23,***,24,***,***,11,89,***,14,***,14,57,156,59,90,5,***,91,"2,418",811,445,58,6,90,291,272,35,53,***
2017,강남구,남자,"3,706","1,298",713,446,46,82,11,171,66,20,50,***,7,***,13,***,***,7,74,***,10,***,13,48,89,25,60,***,***,48,"1,249",356,242,21,***,58,161,132,17,30,***
2017,강남구,여자,"3,949","1,539",462,799,50,182,46,276,92,50,83,16,16,***,11,***,***,***,15,***,***,***,***,9,67,34,30,***,***,43,"1,169",455,203,37,***,32,130,140,18,23,***
2017,송파구,계,"9,418","6,354","1,082","4,896",84,192,100,697,260,92,163,17,75,64,12,6,***,8,68,8,***,16,11,32,114,45,61,6,***,61,"1,156",492,270,33,9,45,183,145,36,25,***
2017,송파구,남자,"4,476","3,003",515,"2,352",36,47,53,329,104,23,67,5,55,63,8,***,***,***,52,7,***,15,6,23,54,15,37,***,***,31,546,203,134,9,***,28,94,79,29,16,***
2017,송파구,여자,"4,942","3,351",567,"2,544",48,145,47,368,156,69,96,12,20,***,***,5,***,5,16,***,***,***,5,9,60,30,24,5,***,30,610,289,136,24,6,17,89,66,7,9,***
2017,강동구,계,"5,887","4,349",674,"3,343",48,117,167,659,324,78,142,7,71,27,7,***,***,***,72,***,35,13,8,12,87,48,30,8,***,15,343,165,74,19,7,23,25,86,16,20,***
2017,강동구,남자,"2,791","2,076",294,"1,679",23,15,65,240,95,18,41,***,54,27,***,***,***,***,58,***,29,12,5,9,48,25,20,***,***,8,169,78,44,7,***,19,16,47,9,13,***
2017,강동구,여자,"3,096","2,273",380,"1,664",25,102,102,419,229,60,101,***,17,***,6,***,***,***,14,***,6,***,***,***,39,23,10,6,***,7,174,87,30,12,5,***,9,39,7,7,***
2017,합계,계,"374,425","272,095","68,386","183,148","6,157","6,205","8,199","35,551","15,597","3,540","9,945","1,166","1,068",968,"2,481",220,22,544,"5,225",324,"1,236",573,"1,084","2,008","7,425","3,049","3,785",465,126,"1,794","26,940","5,691","11,391","2,300",809,"1,386","6,896","2,571","1,412","4,308",22
2017,합계,남자,"182,420","131,850","29,651","94,992","2,593","1,407","3,207","12,950","5,858",954,"2,582",436,575,717,"1,545",88,16,179,"3,775",240,954,412,749,"1,420","4,186","1,727","2,195",191,73,"1,058","15,293","2,701","5,375",918,318,832,"3,307","1,331",627,"3,257",17
2018,합계,여자,"192,005","140,245","38,735","88,156","3,564","4,798","4,992","22,601","9,739","2,586","7,363",730,493,251,936,132,6,365,"1,450",84,282,161,335,588,"3,239","1,322","1,590",274,53,736,"11,647","2,990","6,016","1,382",491,554,"3,589","1,240",785,"1,051",5
2018,종로구,계,"12,056","7,081","3,915","2,578",187,210,191,"2,530","1,471",130,705,52,30,30,52,16,***,42,486,8,27,12,382,57,205,64,127,10,***,93,827,148,409,65,8,58,278,110,92,74,***
2018,종로구,남자,"5,536","2,958","1,550","1,177",69,75,87,"1,179",774,40,255,12,23,22,25,9,***,18,351,6,24,5,272,44,113,32,72,7,***,54,469,70,184,23,6,36,119,60,41,57,***
2018,종로구,여자,"6,520","4,123","2,365","1,401",118,135,104,"1,351",697,90,450,40,7,8,27,7,***,24,135,***,***,7,110,13,92,32,55,***,***,39,358,78,225,42,***,22,159,50,51,17,***
2018,중구,계,"11,988","6,638","2,587","3,138",344,139,430,"1,710","1,069",89,373,28,18,15,45,7,***,64,186,29,52,***,19,82,"1,068",696,308,60,***,217,735,160,"1,045",379,332,48,286,59,39,129,***
2018,중구,남자,"5,735","3,112","1,212","1,512",173,50,165,699,496,25,94,12,8,10,28,5,***,20,124,22,40,***,10,50,501,312,162,25,***,116,455,71,509,195,145,20,149,28,22,96,***
2018,중구,여자,"6,253","3,526","1,375","1,626",171,89,265,"1,011",573,64,279,16,10,5,17,***,***,44,62,7,12,***,9,32,567,384,146,35,***,101,280,89,536,184,187,28,137,31,17,33,***
2018,용산구,계,"19,126","4,138",827,"1,975",242,923,171,"3,020",304,573,712,69,56,40,"1,200",23,***,39,925,31,352,114,25,403,898,130,661,71,36,386,"4,758",478,"1,633",238,70,260,"1,065",290,214,"2,382",***
2018,용산구,남자,"10,879","1,825",358,909,112,379,67,"1,464",97,133,207,14,24,17,944,13,***,11,672,13,260,75,20,304,594,54,480,39,21,251,"2,810",255,845,86,20,157,582,138,103,"1,918",***
2018,용산구,여자,"8,247","2,313",469,"1,066",130,544,104,"1,556",207,440,505,55,32,23,256,10,***,28,253,18,92,39,5,99,304,76,181,32,15,135,"1,948",223,788,152,50,103,483,152,111,464,***
2018,성동구,계,"11,307","7,342","2,711","3,942",116,160,413,"1,526",638,200,403,67,31,53,81,7,***,46,298,21,113,26,40,98,212,82,109,19,***,26,"1,083",239,340,40,9,34,257,111,53,77,***
2018,성동구,남자,"5,403","3,338","1,182","1,898",55,30,173,637,225,104,128,50,17,44,50,***,***,17,227,20,85,21,37,64,134,58,69,6,***,18,629,112,174,17,***,19,136,53,24,57,***
2018,성동구,여자,"5,904","4,004","1,529","2,044",61,130,240,889,413,96,275,17,14,9,31,5,***,29,71,***,28,5,***,34,78,24,40,13,***,8,454,127,166,23,7,15,121,58,29,20,***
2018,광진구,계,"19,729","15,621","4,811","9,662",127,261,760,"1,795",980,113,447,64,19,22,119,11,***,18,440,8,148,41,85,158,580,378,182,14,6,47,578,171,338,95,13,31,199,57,50,51,***
2018,광진구,남자,"9,032","7,098","2,003","4,689",40,44,322,528,324,22,84,21,5,7,49,9,***,5,314,7,120,32,51,104,405,297,98,7,***,25,341,82,159,49,5,19,86,32,15,32,***
2018,광진구,여자,"10,697","8,523","2,808","4,973",87,217,438,"1,267",656,91,363,43,14,15,70,***,***,13,126,***,28,9,34,54,175,81,84,7,***,22,237,89,179,46,8,12,113,25,35,19,***
2018,동대문구,계,"19,848","13,192","7,211","4,283",301,397,"1,000","3,550","2,069",230,860,97,54,43,132,29,***,35,299,23,37,58,77,104,691,336,282,52,21,185,566,108,850,180,67,54,549,65,139,201,***
2018,동대문구,남자,"8,324","5,231","2,654","2,052",88,52,385,"1,471","1,027",79,238,33,18,15,42,7,***,12,219,16,32,40,56,75,387,223,144,14,6,117,302,65,313,71,27,27,188,38,48,131,***
2018,동대문구,여자,"11,524","7,961","4,557","2,231",213,345,615,"2,079","1,042",151,622,64,36,28,90,22,***,23,80,7,5,18,21,29,304,113,138,38,15,68,264,43,537,109,40,27,361,27,91,70,***
2018,중랑구,계,"6,586","4,922",714,"2,773",57,120,"1,258","1,045",532,120,344,7,27,8,7,***,***,***,67,***,6,27,23,10,116,73,34,9,***,13,220,58,100,23,18,17,42,21,11,13,***
2018,중랑구,남자,"2,728","2,140",298,"1,261",23,16,542,243,156,21,55,***,***,6,***,***,***,***,57,***,6,25,17,8,49,24,20,5,***,7,135,28,44,5,5,11,23,11,***,10,***
2018,중랑구,여자,"3,858","2,782",416,"1,512",34,104,716,802,376,99,289,6,27,***,***,***,***,***,10,***,***,***,6,***,67,49,14,***,***,6,85,30,56,18,13,6,19,10,7,***,***
2018,성북구,계,"14,523","8,925","5,354","1,852",227,298,"1,194","2,312","1,131",262,593,107,32,15,120,13,6,33,413,16,81,84,59,173,566,230,307,21,8,129,"1,001",138,648,163,24,73,388,82,112,197,***
2018,성북구,남자,"6,173","3,632","2,185",847,85,54,461,720,411,69,114,34,11,5,59,7,***,6,282,8,61,55,37,121,340,165,158,10,7,94,507,67,319,64,11,45,199,35,39,138,***
2018,성북구,여자,"8,350","5,293","3,169","1,005",142,244,733,"1,592",720,193,479,73,21,10,61,6,***,27,131,8,20,29,22,52,226,65,149,11,***,35,494,71,329,99,13,28,189,47,73,59,***
2018,강북구,계,"4,947","3,386",798,"1,945",78,94,471,827,433,89,266,10,22,***,***,***,***,***,59,***,23,7,23,6,146,89,49,6,***,20,261,49,131,41,8,16,66,26,15,27,***
2018,강북구,남자,"1,971","1,406",314,886,34,9,163,170,106,17,37,***,***,***,***,***,***,***,44,***,21,6,12,5,72,53,18,***,***,15,145,26,61,13,***,12,34,16,***,14,***
2018,강북구,여자,"2,976","1,980",484,"1,059",44,85,308,657,327,72,229,6,19,***,***,***,***,***,15,***,***,***,11,***,74,36,31,6,***,5,116,23,70,28,6,***,32,10,13,13,***
2018,도봉구,계,"2,951","1,552",447,794,30,89,192,813,335,174,221,9,37,23,10,***,***,***,64,***,29,***,30,***,89,55,26,6,***,5,263,58,51,12,5,11,23,18,14,24,***
2018,도봉구,남자,"1,199",623,173,344,15,15,76,245,80,58,49,5,24,22,5,***,***,***,53,***,26,***,23,***,35,21,12,***,***,***,152,26,29,***,***,8,15,12,5,17,***
2018,도봉구,여자,"1,752",929,274,450,15,74,116,568,255,116,172,***,13,***,5,***,***,***,11,***,***,***,7,***,54,34,14,5,***,***,111,32,22,9,***,***,8,6,9,7,***
2018,노원구,계,"5,828","2,963","1,310",865,86,193,509,"1,511",972,89,341,31,27,35,9,***,***,***,118,***,19,19,19,57,214,133,70,8,***,27,552,118,191,63,13,24,91,47,30,56,***
2018,노원구,남자,"2,613","1,242",646,377,25,16,178,618,470,20,86,17,11,6,6,***,***,***,74,***,9,12,12,39,133,92,35,***,***,6,297,69,99,23,5,15,56,23,16,35,***
2018,노원구,여자,"3,215","1,721",664,488,61,177,331,893,502,69,255,14,16,29,***,***,***,***,44,***,10,7,7,18,81,41,35,5,***,21,255,49,92,40,8,9,35,24,14,21,***
2018,은평구,계,"5,970","3,722",908,"2,042",364,322,86,"1,021",443,115,321,23,50,37,27,***,***,***,63,7,9,5,11,31,155,73,73,8,***,10,569,116,164,37,16,29,82,72,19,59,***
2018,은평구,남자,"2,634","1,686",423,956,187,92,28,251,99,26,47,9,22,34,11,***,***,***,50,7,9,5,8,21,71,32,36,***,***,6,335,62,82,13,***,22,43,33,12,46,***
2018,은평구,여자,"3,336","2,036",485,"1,086",177,230,58,770,344,89,274,14,28,***,16,***,***,***,13,***,***,***,***,10,84,41,37,6,***,***,234,54,82,24,12,7,39,39,7,13,***
2018,서대문구,계,"14,366","8,498","4,651","1,487","1,690",482,188,"2,010",772,148,666,87,55,36,149,19,***,77,217,11,27,10,29,140,310,71,202,32,5,99,"1,654",269,914,115,25,112,662,143,101,149,***
2018,서대문구,남자,"5,230","3,026","1,537",627,736,77,49,449,182,31,127,14,17,11,46,***,***,19,134,5,21,5,17,86,142,33,102,***,***,47,817,120,327,27,9,56,235,69,32,66,***
2018,서대문구,여자,"9,136","5,472","3,114",860,954,405,139,"1,561",590,117,539,73,38,25,103,18,***,58,83,6,6,5,12,54,168,38,100,28,***,52,837,149,587,88,16,56,427,74,69,83,***
2018,마포구,계,"12,776","7,524","3,701","2,069","1,023",653,78,"1,281",387,96,473,87,33,14,115,9,***,65,221,14,37,17,53,100,256,40,192,19,5,74,"1,693",377,911,107,20,105,679,186,92,161,***
2018,마포구,남자,"5,375","2,855","1,338",896,416,177,28,383,120,22,132,18,11,***,50,***,***,25,157,12,27,10,31,77,144,20,110,10,***,42,951,186,380,31,6,73,270,94,42,141,***
2018,마포구,여자,"7,401","4,669","2,363","1,173",607,476,50,898,267,74,341,69,22,13,65,6,***,40,64,***,10,7,22,23,112,20,82,9,***,32,742,191,531,76,14,32,409,92,50,20,***
2018,양천구,계,"5,681","4,046",759,"2,983",139,93,72,654,279,119,195,7,25,12,10,***,***,***,52,20,15,9,6,***,82,25,53,***,***,***,479,166,102,43,***,24,33,69,10,18,***
2018,양천구,남자,"2,594","1,945",364,"1,479",73,8,21,151,54,32,33,5,9,11,6,***,***,***,44,20,13,5,***,***,34,6,25,***,***,***,250,62,56,23,***,14,19,35,***,11,***
2018,양천구,여자,"3,087","2,101",395,"1,504",66,85,51,503,225,87,162,***,16,***,***,***,***,***,8,***,***,***,***,***,48,19,28,***,***,***,229,104,46,20,***,10,14,34,6,7,***
2018,강서구,계,"9,179","6,212","1,156","4,542",191,219,104,"1,074",350,138,317,45,68,85,58,9,***,***,126,5,18,19,15,69,209,76,118,12,***,8,751,217,342,90,21,56,175,126,68,45,***
2018,강서구,남자,"4,347","2,749",476,"2,117",89,31,36,429,95,32,104,24,47,77,46,***,***,***,87,***,15,14,11,43,118,37,76,***,***,6,442,130,216,47,6,36,127,82,53,34,***
2018,강서구,여자,"4,832","3,463",680,"2,425",102,188,68,645,255,106,213,21,21,8,12,7,***,***,39,***,***,5,***,26,91,39,42,9,***,***,309,87,126,43,15,20,48,44,15,11,***
2018,구로구,계,"45,686","43,455","6,255","36,805",126,156,113,"1,110",460,97,319,28,51,85,61,8,***,***,131,14,39,24,12,42,204,79,113,11,***,10,342,116,216,79,29,25,83,50,21,29,***
2018,구로구,남자,"25,064","23,955","3,123","20,705",55,23,49,417,163,33,79,17,24,63,36,***,***,***,107,14,33,21,7,32,128,53,68,6,***,***,199,76,116,43,12,18,43,28,9,24,***
2018,구로구,여자,"20,622","19,500","3,132","16,100",71,133,64,693,297,64,240,11,27,22,25,6,***,***,24,***,6,***,5,10,76,26,45,5,***,6,143,40,100,36,17,7,40,22,12,5,***
2018,금천구,계,"27,524","25,963","2,912","22,802",42,72,135,981,390,129,307,33,64,51,6,***,***,***,103,14,16,15,49,9,124,38,67,17,***,***,146,35,119,65,12,6,36,22,13,14,***
2018,금천구,남자,"14,990","14,208","1,451","12,656",15,10,76,424,132,61,117,23,36,51,***,***,***,***,81,12,14,13,35,7,69,20,39,9,***,***,90,17,70,38,7,6,19,15,7,7,***
2018,금천구,여자,"12,534","11,755","1,461","10,146",27,62,59,557,258,68,190,10,28,***,***,***,***,***,22,***,***,***,14,***,55,18,28,8,***,***,56,18,49,27,5,***,17,7,6,7,***
2018,영등포구,계,"49,151","46,427","5,888","40,050",257,178,54,962,270,86,291,101,64,130,13,***,***,***,127,15,24,10,43,35,96,26,61,8,***,12,894,234,233,59,23,27,124,104,22,38,***
2018,영등포구,남자,"26,406","25,014","3,050","21,798",118,22,26,440,92,19,100,51,52,118,5,***,***,***,104,14,21,9,35,25,50,12,34,***,***,6,484,108,104,16,6,19,63,56,10,29,***
2018,영등포구,여자,"22,745","21,413","2,838","18,252",139,156,28,522,178,67,191,50,12,12,8,***,***,***,23,***,***,***,8,10,46,14,27,***,***,6,410,126,129,43,17,8,61,48,12,9,***
2018,동작구,계,"17,321","13,984","4,581","9,036",107,136,124,"1,486",837,76,413,40,35,10,44,8,***,21,138,27,53,9,10,39,187,57,109,18,***,16,640,189,356,71,8,23,254,92,62,170,***
2018,동작구,남자,"8,117","6,612","2,003","4,518",30,19,42,471,282,16,101,14,17,***,24,6,***,6,92,12,37,6,7,30,106,32,61,11,***,10,366,85,181,17,***,15,145,41,31,122,***
2018,동작구,여자,"9,204","7,372","2,578","4,518",77,117,82,"1,015",555,60,312,26,18,7,20,***,***,15,46,15,16,***,***,9,81,25,48,7,***,6,274,104,175,54,***,8,109,51,31,48,***
2018,관악구,계,"25,418","20,724","3,347","16,736",130,253,258,"1,709",646,129,521,106,68,54,120,22,***,43,300,13,54,33,35,165,413,126,253,28,6,108,833,199,745,153,50,78,464,81,102,203,***
2018,관악구,남자,"11,872","9,764","1,432","8,176",34,39,83,521,197,21,124,38,42,30,46,9,***,14,204,8,42,25,21,108,205,60,132,10,***,57,495,104,295,43,20,41,191,42,40,144,***
2018,관악구,여자,"13,546","10,960","1,915","8,560",96,214,175,"1,188",449,108,397,68,26,24,74,13,***,29,96,5,12,8,14,57,208,66,121,18,***,51,338,95,450,110,30,37,273,39,62,59,***
2018,서초구,계,"7,143","2,065",706,"1,070",95,160,34,497,97,117,154,14,24,26,38,7,***,20,96,***,9,***,8,74,193,40,141,7,5,106,"2,452",637,741,50,11,104,576,241,42,72,***
2018,서초구,남자,"3,604",960,425,444,38,38,15,161,34,15,33,***,20,22,18,5,***,10,69,***,7,***,7,52,125,21,95,***,5,65,"1,377",260,385,20,5,60,300,125,19,57,***
2018,서초구,여자,"3,539","1,105",281,626,57,122,19,336,63,102,121,10,***,***,20,***,***,10,27,***,***,***,***,22,68,19,46,***,***,41,"1,075",377,356,30,6,44,276,116,23,15,***
2018,강남구,계,"8,814","2,752","1,135","1,197",81,273,66,580,137,63,210,28,43,44,36,***,***,16,114,***,19,***,16,72,186,48,128,7,***,98,"3,496",792,452,61,***,103,285,253,27,64,***
2018,강남구,남자,"4,623","1,273",673,474,37,78,11,274,60,21,79,7,33,43,24,***,***,7,90,***,12,***,12,60,112,25,81,***,***,59,"2,042",349,246,20,***,61,164,129,14,35,***
2018,강남구,여자,"4,191","1,479",462,723,44,195,55,306,77,42,131,21,10,***,12,***,***,9,24,***,7,***,***,12,74,23,47,***,***,39,"1,454",443,206,41,***,42,121,124,13,29,***
2018,송파구,계,"10,123","6,393","1,050","4,941",85,207,110,776,268,77,257,22,54,70,16,6,***,6,88,6,6,11,11,54,126,43,72,8,***,85,"1,657",460,284,42,14,50,178,169,47,38,***
2018,송파구,남자,"4,937","3,058",498,"2,433",34,42,51,314,86,20,88,7,29,70,12,***,***,***,65,5,***,9,5,43,56,17,36,***,***,42,931,192,136,14,***,29,89,91,25,27,***
2018,송파구,여자,"5,186","3,335",552,"2,508",51,165,59,462,182,57,169,15,25,***,***,5,***,5,23,***,***,***,6,11,70,26,36,6,***,43,726,268,148,28,10,21,89,78,22,11,***
2018,강동구,계,"6,384","4,570",652,"3,581",32,117,188,771,327,81,236,***,81,28,9,***,***,***,94,30,23,10,***,27,99,41,48,10,***,13,490,159,76,29,8,18,21,77,17,17,***
2018,강동구,남자,"3,034","2,140",283,"1,761",12,11,73,291,96,17,71,***,72,28,***,***,***,***,74,28,16,9,***,19,63,28,32,***,***,5,272,79,45,17,***,13,12,45,10,9,***
2018,강동구,여자,"3,350","2,430",369,"1,820",20,106,115,480,231,64,165,***,9,***,6,***,***,***,20,***,7,***,***,8,36,13,16,7,***,8,218,80,31,12,5,5,9,32,7,8,***
2018,,,,,,,,,,,,,,,,,,,,,,,,,,,,,,,,,,,,,,,,,,,
2018,,,,,,,,,,,,,,,,,,,,,,,,,,,,,,,,,,,,,,,,,,,