기간,자치구,성별,합계,시내,시내,시내,부산,대구,인천,광주,대전,울산,세종,경기,강원,충북,충남,전북,전남,경북,경남,제주
기간,자치구,성별,합계,소계,구내,구간,부산,대구,인천,광주,대전,울산,세종,경기,강원,충북,충남,전북,전남,경북,경남,제주
2014,서울시,합계,"1,573,594","1,098,023","495,401","602,622","20,616","13,735","34,380","11,518","14,172","6,458","1,497","249,701","20,174","13,291","19,841","15,902","14,607","16,796","17,144","5,739"
2014,서울시,남자,"778,712","538,581","239,660","298,921","10,491","7,127","17,524","5,803","7,114","3,325",746,"125,722","10,201","6,709","9,812","7,987","7,291","8,463","8,850","2,966"
2014,서울시,여자,"794,882","559,442","255,741","303,701","10,125","6,608","16,856","5,715","7,058","3,133",751,"123,979","9,973","6,582","10,029","7,915","7,316","8,333","8,294","2,773"
2014,종로구,합계,"24,191","15,750","4,507","11,243",541,370,499,252,285,168,45,"3,882",402,212,327,287,243,381,413,134
2014,종로구,남자,"12,145","7,786","2,144","5,642",273,189,273,145,137,93,26,"1,979",212,105,166,160,134,186,218,63
2014,종로구,여자,"12,046","7,964","2,363","5,601",268,181,226,107,148,75,19,"1,903",190,107,161,127,109,195,195,71
2014,중구,합계,"20,105","13,985","3,967","10,018",325,191,381,163,206,102,17,"2,961",212,204,284,257,203,257,271,86
2014,중구,남자,"10,306","7,069","1,973","5,096",179,96,214,85,115,54,9,"1,541",98,100,153,148,113,137,149,46
2014,중구,여자,"9,799","6,916","1,994","4,922",146,95,167,78,91,48,8,"1,420",114,104,131,109,90,120,122,40
2014,용산구,합계,"35,618","23,906","8,454","15,452",616,394,762,302,466,171,58,"5,705",609,348,580,362,358,417,411,153
2014,용산구,남자,"17,760","11,785","4,020","7,765",307,199,399,150,233,88,28,"2,899",315,175,297,195,182,212,213,83
2014,용산구,여자,"17,858","12,121","4,434","7,687",309,195,363,152,233,83,30,"2,806",294,173,283,167,176,205,198,70
2014,성동구,합계,"46,521","33,895","12,336","21,559",691,431,745,356,441,198,54,"6,296",539,392,485,439,388,508,498,165
2014,성동구,남자,"23,324","16,793","6,006","10,787",365,239,389,192,229,107,34,"3,198",277,192,246,223,206,263,289,82
2014,성동구,여자,"23,197","17,102","6,330","10,772",326,192,356,164,212,91,20,"3,098",262,200,239,216,182,245,209,83
2014,광진구,합계,"56,778","39,156","18,540","20,616",776,511,932,409,591,295,49,"8,408","1,020",635,826,731,617,790,802,230
2014,광진구,남자,"27,973","19,226","8,922","10,304",408,282,474,195,284,141,24,"4,224",472,307,389,334,301,399,391,122
2014,광진구,여자,"28,805","19,930","9,618","10,312",368,229,458,214,307,154,25,"4,184",548,328,437,397,316,391,411,108
2014,동대문구,합계,"57,915","41,435","18,216","23,219",879,621,984,486,557,265,47,"7,650",862,614,716,583,573,729,728,186
2014,동대문구,남자,"29,503","20,753","9,001","11,752",505,356,518,276,307,146,26,"3,962",445,337,362,316,284,392,402,116
2014,동대문구,여자,"28,412","20,682","9,215","11,467",374,265,466,210,250,119,21,"3,688",417,277,354,267,289,337,326,70
2014,중랑구,합계,"69,157","53,149","27,759","25,390",417,241,857,286,312,124,33,"9,795",908,430,594,490,481,496,399,145
2014,중랑구,남자,"34,425","26,372","13,669","12,703",206,128,446,132,155,64,19,"4,951",471,220,278,232,250,232,201,68
2014,중랑구,여자,"34,732","26,777","14,090","12,687",211,113,411,154,157,60,14,"4,844",437,210,316,258,231,264,198,77
2014,성북구,합계,"65,082","47,204","20,926","26,278",856,686,"1,155",508,629,322,65,"8,352",884,534,782,690,650,752,807,206
2014,성북구,남자,"31,766","22,902","10,031","12,871",407,358,583,267,297,148,33,"4,161",434,254,376,353,330,350,400,113
2014,성북구,여자,"33,316","24,302","10,895","13,407",449,328,572,241,332,174,32,"4,191",450,280,406,337,320,402,407,93
2014,강북구,합계,"48,224","37,903","17,353","20,550",355,231,654,249,238,137,42,"5,593",488,314,487,396,374,370,272,121
2014,강북구,남자,"23,806","18,642","8,463","10,179",177,115,317,130,117,59,23,"2,848",235,170,224,182,190,183,130,64
2014,강북구,여자,"24,418","19,261","8,890","10,371",178,116,337,119,121,78,19,"2,745",253,144,263,214,184,187,142,57
2014,도봉구,합계,"45,658","34,249","16,128","18,121",284,193,726,183,216,107,23,"7,230",530,273,359,303,324,291,237,130
2014,도봉구,남자,"22,478","16,685","7,758","8,927",140,104,379,87,111,64,11,"3,664",279,130,181,146,165,144,119,69
2014,도봉구,여자,"23,180","17,564","8,370","9,194",144,89,347,96,105,43,12,"3,566",251,143,178,157,159,147,118,61
2014,노원구,합계,"73,503","52,303","25,915","26,388",624,392,"1,094",429,582,207,51,"12,702","1,165",563,744,610,574,672,592,199
2014,노원구,남자,"35,787","25,298","12,291","13,007",313,194,553,187,297,105,26,"6,265",589,283,364,294,287,332,294,106
2014,노원구,여자,"37,716","27,005","13,624","13,381",311,198,541,242,285,102,25,"6,437",576,280,380,316,287,340,298,93
2014,은평구,합계,"73,950","53,944","30,549","23,395",701,391,"1,522",372,415,287,64,"11,674",718,427,784,613,611,611,566,250
2014,은평구,남자,"35,934","25,967","14,488","11,479",325,194,778,196,211,156,29,"5,813",349,223,388,309,283,292,296,125
2014,은평구,여자,"38,016","27,977","16,061","11,916",376,197,744,176,204,131,35,"5,861",369,204,396,304,328,319,270,125
2014,서대문구,합계,"45,088","30,468","11,251","19,217",878,531,"1,137",392,570,297,60,"6,585",620,428,667,552,409,632,641,221
2014,서대문구,남자,"22,215","14,900","5,420","9,480",437,249,580,196,260,138,25,"3,293",331,220,343,274,199,320,327,123
2014,서대문구,여자,"22,873","15,568","5,831","9,737",441,282,557,196,310,159,35,"3,292",289,208,324,278,210,312,314,98
2014,마포구,합계,"68,853","47,537","18,941","28,596","1,265",839,"1,797",543,760,383,71,"10,164",764,539,883,696,593,846,904,269
2014,마포구,남자,"33,333","23,086","8,952","14,134",581,403,855,249,353,184,29,"4,944",369,290,403,340,299,381,438,129
2014,마포구,여자,"35,520","24,451","9,989","14,462",684,436,942,294,407,199,42,"5,220",395,249,480,356,294,465,466,140
2014,양천구,합계,"62,502","45,021","19,751","25,270",515,309,"2,220",366,459,147,54,"9,775",562,337,630,527,487,476,425,192
2014,양천구,남자,"30,850","22,153","9,682","12,471",258,137,"1,096",168,228,77,32,"4,939",276,160,310,242,240,235,200,99
2014,양천구,여자,"31,652","22,868","10,069","12,799",257,172,"1,124",198,231,70,22,"4,836",286,177,320,285,247,241,225,93
2014,강서구,합계,"109,436","81,228","39,586","41,642",994,616,"3,607",588,659,282,65,"15,158",929,732,"1,049",744,768,772,854,391
2014,강서구,남자,"53,487","39,545","18,963","20,582",475,290,"1,847",276,314,145,30,"7,559",481,360,517,360,345,369,390,184
2014,강서구,여자,"55,949","41,683","20,623","21,060",519,326,"1,760",312,345,137,35,"7,599",448,372,532,384,423,403,464,207
2014,구로구,합계,"62,804","39,616","17,625","21,991",685,413,"2,528",392,555,204,46,"13,622",632,479,952,605,593,644,610,228
2014,구로구,남자,"31,134","19,566","8,569","10,997",342,199,"1,297",188,291,104,21,"6,773",315,240,473,300,300,299,314,112
2014,구로구,여자,"31,670","20,050","9,056","10,994",343,214,"1,231",204,264,100,25,"6,849",317,239,479,305,293,345,296,116
2014,금천구,합계,"33,510","20,810","11,160","9,650",405,268,"1,004",249,320,121,23,"7,343",397,341,612,427,359,356,375,100
2014,금천구,남자,"17,405","10,645","5,604","5,041",259,149,525,133,182,73,12,"3,812",224,177,341,235,187,200,201,50
2014,금천구,여자,"16,105","10,165","5,556","4,609",146,119,479,116,138,48,11,"3,531",173,164,271,192,172,156,174,50
2014,영등포구,합계,"59,057","38,049","14,231","23,818","1,015",673,"2,195",537,828,322,78,"9,541",815,647,"1,081",751,708,750,843,224
2014,영등포구,남자,"30,067","19,250","7,153","12,097",533,376,"1,151",293,421,161,41,"4,907",423,325,547,370,335,388,432,114
2014,영등포구,여자,"28,990","18,799","7,078","11,721",482,297,"1,044",244,407,161,37,"4,634",392,322,534,381,373,362,411,110
2014,동작구,합계,"63,291","41,567","14,929","26,638","1,079",738,"1,502",660,775,386,65,"9,590",889,714,"1,171",919,853,953,"1,093",337
2014,동작구,남자,"31,491","20,202","7,175","13,027",561,409,749,379,396,224,31,"4,893",476,369,573,470,459,511,613,176
2014,동작구,여자,"31,800","21,365","7,754","13,611",518,329,753,281,379,162,34,"4,697",413,345,598,449,394,442,480,161
2014,관악구,합계,"90,987","54,471","26,344","28,127","2,229","1,610","2,409","1,222","1,345",755,142,"13,947","1,922","1,281","1,984","1,744","1,578","1,827","2,017",504
2014,관악구,남자,"47,314","27,666","13,274","14,392","1,243",951,"1,260",666,744,450,66,"7,376","1,012",673,989,929,832,"1,026","1,149",282
2014,관악구,여자,"43,673","26,805","13,070","13,735",986,659,"1,149",556,601,305,76,"6,571",910,608,995,815,746,801,868,222
2014,서초구,합계,"79,323","56,559","20,539","36,020",993,727,"1,318",581,736,250,93,"12,885",798,570,854,701,582,628,761,287
2014,서초구,남자,"38,326","27,037","9,752","17,285",474,349,652,270,367,115,45,"6,344",412,307,438,333,301,328,412,142
2014,서초구,여자,"40,997","29,522","10,787","18,735",519,378,666,311,369,135,48,"6,541",386,263,416,368,281,300,349,145
2014,강남구,합계,"115,906","80,152","32,264","47,888","1,742","1,201","1,912",976,"1,056",488,111,"20,079","1,193",942,"1,223","1,070",898,"1,159","1,279",425
2014,강남구,남자,"55,983","38,517","15,185","23,332",874,597,933,453,496,235,51,"9,867",562,455,586,526,403,589,628,211
2014,강남구,여자,"59,923","41,635","17,079","24,556",868,604,979,523,560,253,60,"10,212",631,487,637,544,495,570,651,214
2014,송파구,합계,"99,723","68,380","35,426","32,954","1,179",753,"1,514",663,772,304,93,"18,887","1,365",808,"1,085",910,885,880,891,354
2014,송파구,남자,"48,793","33,325","17,119","16,206",571,374,767,330,362,130,50,"9,432",659,379,516,467,431,412,409,179
2014,송파구,여자,"50,930","35,055","18,307","16,748",608,379,747,333,410,174,43,"9,455",706,429,569,443,454,468,482,175
2014,강동구,합계,"66,412","47,286","28,704","18,582",572,405,926,354,399,136,48,"11,877",951,527,682,495,498,599,455,202
2014,강동구,남자,"33,107","23,411","14,046","9,365",278,190,489,160,207,64,25,"6,078",485,258,352,249,235,283,235,108
2014,강동구,여자,"33,305","23,875","14,658","9,217",294,215,437,194,192,72,23,"5,799",466,269,330,246,263,316,220,94
2015,서울시,합계,"1,589,431","1,129,529","524,267","605,262","19,441","13,038","33,570","10,860","13,559","6,954","2,228","239,557","20,030","13,197","19,144","14,830","13,884","16,478","16,781","6,351"
2015,서울시,남자,"787,342","555,100","254,671","300,429","9,772","6,660","16,823","5,443","6,792","3,618","1,146","120,885","10,221","6,659","9,694","7,340","6,801","8,394","8,706","3,288"
2015,서울시,여자,"802,089","574,429","269,596","304,833","9,669","6,378","16,747","5,417","6,767","3,336","1,082","118,672","9,809","6,538","9,450","7,490","7,083","8,084","8,075","3,063"
2015,종로구,합계,"24,951","16,463","4,617","11,846",537,416,566,227,295,162,59,"3,822",386,226,306,338,252,364,401,131
2015,종로구,남자,"12,703","8,233","2,241","5,992",284,221,308,126,146,98,35,"1,941",209,121,164,193,122,202,226,74
2015,종로구,여자,"12,248","8,230","2,376","5,854",253,195,258,101,149,64,24,"1,881",177,105,142,145,130,162,175,57
2015,중구,합계,"20,078","14,143","4,070","10,073",298,231,418,143,198,106,27,"2,873",278,182,255,213,178,216,237,82
2015,중구,남자,"10,335","7,224","2,101","5,123",161,109,213,71,111,57,15,"1,488",138,98,133,123,87,121,139,47
2015,중구,여자,"9,743","6,919","1,969","4,950",137,122,205,72,87,49,12,"1,385",140,84,122,90,91,95,98,35
2015,용산구,합계,"37,064","25,598","9,049","16,549",539,384,815,269,419,148,86,"5,795",595,311,501,350,304,368,408,174
2015,용산구,남자,"18,364","12,593","4,322","8,271",268,196,414,126,193,77,44,"2,944",295,160,271,166,152,177,203,85
2015,용산구,여자,"18,700","13,005","4,727","8,278",271,188,401,143,226,71,42,"2,851",300,151,230,184,152,191,205,89
2015,성동구,합계,"48,105","35,332","12,008","23,324",616,432,775,306,441,197,45,"6,437",511,392,504,460,377,483,579,218
2015,성동구,남자,"24,087","17,462","5,867","11,595",307,231,417,159,238,108,23,"3,297",269,200,264,240,199,264,308,101
2015,성동구,여자,"24,018","17,870","6,141","11,729",309,201,358,147,203,89,22,"3,140",242,192,240,220,178,219,271,117
2015,광진구,합계,"58,871","41,350","18,401","22,949",726,539,943,460,571,275,79,"8,544",932,636,796,618,617,776,773,236
2015,광진구,남자,"28,903","20,224","8,911","11,313",353,261,510,213,263,149,39,"4,253",440,322,377,311,304,384,386,114
2015,광진구,여자,"29,968","21,126","9,490","11,636",373,278,433,247,308,126,40,"4,291",492,314,419,307,313,392,387,122
2015,동대문구,합계,"55,990","39,624","17,367","22,257",857,611,932,465,572,292,73,"7,524",861,593,699,568,595,767,731,226
2015,동대문구,남자,"28,647","19,992","8,617","11,375",433,344,515,252,298,160,37,"3,934",444,312,359,303,318,425,402,119
2015,동대문구,여자,"27,343","19,632","8,750","10,882",424,267,417,213,274,132,36,"3,590",417,281,340,265,277,342,329,107
2015,중랑구,합계,"64,638","50,124","27,773","22,351",359,198,812,261,250,143,50,"8,914",797,434,502,413,406,479,348,148
2015,중랑구,남자,"32,342","24,951","13,641","11,310",190,104,414,126,131,75,25,"4,549",410,211,260,193,197,251,184,71
2015,중랑구,여자,"32,296","25,173","14,132","11,041",169,94,398,135,119,68,25,"4,365",387,223,242,220,209,228,164,77
2015,성북구,합계,"66,804","49,268","22,463","26,805",875,612,"1,136",490,607,418,125,"8,213",907,526,784,609,565,680,733,256
2015,성북구,남자,"32,621","24,002","10,758","13,244",400,303,583,235,286,187,67,"4,076",468,252,378,282,274,335,364,129
2015,성북구,여자,"34,183","25,266","11,705","13,561",475,309,553,255,321,231,58,"4,137",439,274,406,327,291,345,369,127
2015,강북구,합계,"47,491","37,175","17,050","20,125",353,256,669,248,210,154,38,"5,525",536,341,493,325,317,364,348,139
2015,강북구,남자,"23,553","18,409","8,364","10,045",186,123,349,130,101,71,17,"2,741",275,151,260,167,152,170,175,76
2015,강북구,여자,"23,938","18,766","8,686","10,080",167,133,320,118,109,83,21,"2,784",261,190,233,158,165,194,173,63
2015,도봉구,합계,"48,961","37,613","17,450","20,163",256,190,636,164,196,97,42,"7,324",521,264,401,287,317,263,288,102
2015,도봉구,남자,"24,159","18,453","8,512","9,941",133,90,310,71,97,53,19,"3,691",271,131,211,132,159,139,147,52
2015,도봉구,여자,"24,802","19,160","8,938","10,222",123,100,326,93,99,44,23,"3,633",250,133,190,155,158,124,141,50
2015,노원구,합계,"73,528","53,149","26,191","26,958",538,355,"1,067",382,556,294,98,"12,249","1,109",521,731,569,550,596,540,224
2015,노원구,남자,"36,071","25,757","12,499","13,258",269,178,563,201,270,137,59,"6,173",603,264,366,271,273,292,277,118
2015,노원구,여자,"37,457","27,392","13,692","13,700",269,177,504,181,286,157,39,"6,076",506,257,365,298,277,304,263,106
2015,은평구,합계,"82,375","62,226","34,346","27,880",658,357,"1,478",352,438,246,87,"11,979",777,461,725,625,596,573,560,237
2015,은평구,남자,"40,081","30,165","16,431","13,734",311,181,710,168,227,129,41,"5,904",397,235,347,297,268,283,299,119
2015,은평구,여자,"42,294","32,061","17,915","14,146",347,176,768,184,211,117,46,"6,075",380,226,378,328,328,290,261,118
2015,서대문구,합계,"55,729","39,941","15,178","24,763",757,514,"1,207",363,552,336,108,"7,733",615,409,631,490,464,621,750,238
2015,서대문구,남자,"27,264","19,490","7,204","12,286",357,250,601,177,262,183,58,"3,784",325,196,304,233,237,322,366,119
2015,서대문구,여자,"28,465","20,451","7,974","12,477",400,264,606,186,290,153,50,"3,949",290,213,327,257,227,299,384,119
2015,마포구,합계,"71,484","50,141","20,023","30,118","1,282",825,"1,766",570,721,466,97,"10,303",757,520,842,632,569,811,867,315
2015,마포구,남자,"34,335","23,928","9,411","14,517",602,396,853,277,357,238,50,"5,078",352,264,414,294,276,386,401,169
2015,마포구,여자,"37,149","26,213","10,612","15,601",680,429,913,293,364,228,47,"5,225",405,256,428,338,293,425,466,146
2015,양천구,합계,"66,589","48,735","21,529","27,206",568,300,"2,262",302,374,226,65,"9,887",596,427,698,514,508,441,435,251
2015,양천구,남자,"33,126","23,997","10,528","13,469",275,151,"1,166",144,191,115,37,"5,062",331,218,366,260,240,231,214,128
2015,양천구,여자,"33,463","24,738","11,001","13,737",293,149,"1,096",158,183,111,28,"4,825",265,209,332,254,268,210,221,123
2015,강서구,합계,"94,604","67,443","33,798","33,645",995,637,"3,632",544,683,303,91,"13,900",998,671,"1,023",841,778,799,858,408
2015,강서구,남자,"46,317","32,932","16,196","16,736",478,289,"1,765",257,320,149,44,"6,973",509,326,503,404,352,374,426,216
2015,강서구,여자,"48,287","34,511","17,602","16,909",517,348,"1,867",287,363,154,47,"6,927",489,345,520,437,426,425,432,192
2015,구로구,합계,"57,099","36,095","16,414","19,681",600,397,"2,395",430,466,208,82,"12,053",656,458,825,534,580,580,522,218
2015,구로구,남자,"28,116","17,757","8,048","9,709",299,191,"1,130",203,231,95,39,"5,986",349,243,415,254,281,264,263,116
2015,구로구,여자,"28,983","18,338","8,366","9,972",301,206,"1,265",227,235,113,43,"6,067",307,215,410,280,299,316,259,102
2015,금천구,합계,"34,056","21,804","11,341","10,463",409,226,929,199,286,166,39,"7,051",416,348,610,363,357,356,359,138
2015,금천구,남자,"17,794","11,270","5,761","5,509",246,132,486,101,160,98,25,"3,690",226,189,330,202,175,193,198,73
2015,금천구,여자,"16,262","10,534","5,580","4,954",163,94,443,98,126,68,14,"3,361",190,159,280,161,182,163,161,65
2015,영등포구,합계,"58,936","38,215","14,054","24,161","1,031",658,"1,920",526,798,294,132,"9,558",894,625,"1,021",693,597,798,841,335
2015,영등포구,남자,"30,104","19,398","7,124","12,274",527,360,969,269,430,157,75,"4,951",458,324,530,357,280,423,424,172
2015,영등포구,여자,"28,832","18,817","6,930","11,887",504,298,951,257,368,137,57,"4,607",436,301,491,336,317,375,417,163
2015,동작구,합계,"66,694","45,697","17,787","27,910","1,002",724,"1,499",564,725,389,94,"9,182",907,748,"1,194",822,761,948,"1,080",358
2015,동작구,남자,"33,110","22,294","8,691","13,603",516,403,731,306,373,218,49,"4,638",486,397,604,395,387,531,583,199
2015,동작구,여자,"33,584","23,403","9,096","14,307",486,321,768,258,352,171,45,"4,544",421,351,590,427,374,417,497,159
2015,관악구,합계,"94,590","58,917","29,534","29,383","2,116","1,392","2,464","1,182","1,360",767,188,"13,537","1,852","1,321","1,964","1,561","1,571","1,882","1,921",595
2015,관악구,남자,"49,061","30,129","14,999","15,130","1,198",774,"1,262",659,718,444,89,"7,120",922,670,"1,020",808,811,"1,003","1,113",321
2015,관악구,여자,"45,529","28,788","14,535","14,253",918,618,"1,202",523,642,323,99,"6,417",930,651,944,753,760,879,808,274
2015,서초구,합계,"76,543","55,648","22,715","32,933",897,671,"1,211",544,718,271,122,"11,496",776,544,768,665,527,663,722,300
2015,서초구,남자,"36,794","26,478","10,773","15,705",452,347,594,237,352,136,54,"5,684",375,293,371,331,257,318,361,154
2015,서초구,여자,"39,749","29,170","11,942","17,228",445,324,617,307,366,135,68,"5,812",401,251,397,334,270,345,361,146
2015,강남구,합계,"108,537","75,293","34,336","40,957","1,674","1,060","1,759",966,"1,014",456,179,"18,299","1,146",834,"1,204","1,018",869,"1,125","1,185",456
2015,강남구,남자,"52,660","36,377","16,250","20,127",788,523,820,482,489,208,90,"9,080",556,387,592,483,414,553,591,227
2015,강남구,여자,"55,877","38,916","18,086","20,830",886,537,939,484,525,248,89,"9,219",590,447,612,535,455,572,594,229
2015,송파구,합계,"101,994","73,476","39,136","34,340",990,701,"1,367",598,731,346,145,"16,564","1,354",848,"1,065",828,791,951,860,379
2015,송파구,남자,"49,986","35,772","18,860","16,912",488,323,655,314,373,182,72,"8,285",682,413,546,408,380,468,442,183
2015,송파구,여자,"52,008","37,704","20,276","17,428",502,378,712,284,358,164,73,"8,279",672,435,519,420,411,483,418,196
2015,강동구,합계,"73,720","56,059","37,637","18,422",508,352,912,305,378,194,77,"10,795",853,557,602,494,438,574,435,187
2015,강동구,남자,"36,809","27,813","18,562","9,251",251,180,485,139,175,94,43,"5,563",431,282,309,233,206,285,214,106
2015,강동구,여자,"36,911","28,246","19,075","9,171",257,172,427,166,203,100,34,"5,232",422,275,293,261,232,289,221,81
2016,서울시,합계,"1,515,602","1,061,915","487,722","574,193","19,236","12,802","32,486","10,432","13,726","6,750","2,812","234,357","19,877","13,032","18,726","14,993","14,568","16,087","17,169","6,634"
2016,서울시,남자,"749,810","520,814","236,745","284,069","9,817","6,519","16,378","5,083","7,026","3,527","1,400","118,062","10,230","6,581","9,293","7,434","7,180","8,250","8,768","3,448"
2016,서울시,여자,"765,792","541,101","250,977","290,124","9,419","6,283","16,108","5,349","6,700","3,223","1,412","116,295","9,647","6,451","9,433","7,559","7,388","7,837","8,401","3,186"
2016,종로구,합계,"23,604","15,280","4,145","11,135",484,354,560,224,315,166,58,"3,719",359,212,359,287,285,349,435,158
2016,종로구,남자,"11,778","7,522","1,993","5,529",265,182,294,132,173,91,34,"1,834",183,110,163,157,143,176,240,79
2016,종로구,여자,"11,826","7,758","2,152","5,606",219,172,266,92,142,75,24,"1,885",176,102,196,130,142,173,195,79
2016,중구,합계,"20,595","14,426","3,844","10,582",312,205,432,132,187,118,31,"3,037",257,206,261,183,211,248,229,120
2016,중구,남자,"10,442","7,262","1,934","5,328",171,115,222,63,95,58,13,"1,551",129,106,130,95,108,146,119,59
2016,중구,여자,"10,153","7,164","1,910","5,254",141,90,210,69,92,60,18,"1,486",128,100,131,88,103,102,110,61
2016,용산구,합계,"34,124","22,798","7,881","14,917",539,386,823,276,400,158,100,"5,588",539,337,530,363,348,364,403,172
2016,용산구,남자,"16,942","11,254","3,819","7,435",261,189,403,132,189,74,61,"2,831",289,173,248,182,160,201,206,89
2016,용산구,여자,"17,182","11,544","4,062","7,482",278,197,420,144,211,84,39,"2,757",250,164,282,181,188,163,197,83
2016,성동구,합계,"47,629","34,642","11,320","23,322",616,415,790,335,437,204,77,"6,627",531,402,534,428,367,515,518,191
2016,성동구,남자,"23,790","17,039","5,559","11,480",331,230,415,168,229,122,38,"3,415",279,192,271,234,171,283,275,98
2016,성동구,여자,"23,839","17,603","5,761","11,842",285,185,375,167,208,82,39,"3,212",252,210,263,194,196,232,243,93
2016,광진구,합계,"55,362","38,200","16,943","21,257",735,550,905,416,578,327,103,"8,120",938,643,783,652,666,737,768,241
2016,광진구,남자,"27,077","18,556","8,140","10,416",373,267,454,212,271,170,51,"4,063",437,317,374,310,340,375,386,121
2016,광진구,여자,"28,285","19,644","8,803","10,841",362,283,451,204,307,157,52,"4,057",501,326,409,342,326,362,382,120
2016,동대문구,합계,"49,591","33,859","14,207","19,652",783,597,938,444,511,289,78,"6,945",870,575,637,632,652,709,831,241
2016,동대문구,남자,"25,425","17,089","7,005","10,084",422,319,502,220,294,165,47,"3,639",453,303,323,338,334,398,448,131
2016,동대문구,여자,"24,166","16,770","7,202","9,568",361,278,436,224,217,124,31,"3,306",417,272,314,294,318,311,383,110
2016,중랑구,합계,"60,566","45,959","24,608","21,351",384,255,770,225,287,133,58,"8,856",813,442,535,426,470,415,400,138
2016,중랑구,남자,"30,254","22,839","12,104","10,735",180,132,408,117,152,70,29,"4,555",421,199,277,205,214,194,193,69
2016,중랑구,여자,"30,312","23,120","12,504","10,616",204,123,362,108,135,63,29,"4,301",392,243,258,221,256,221,207,69
2016,성북구,합계,"60,000","43,451","19,693","23,758",785,516,"1,058",449,611,326,121,"7,673",797,553,707,623,562,696,782,290
2016,성북구,남자,"29,179","21,067","9,384","11,683",389,258,525,215,294,148,56,"3,813",391,269,322,304,253,331,391,153
2016,성북구,여자,"30,821","22,384","10,309","12,075",396,258,533,234,317,178,65,"3,860",406,284,385,319,309,365,391,137
2016,강북구,합계,"44,791","34,831","15,955","18,876",333,245,685,201,241,130,52,"5,259",559,271,440,355,379,306,362,142
2016,강북구,남자,"22,388","17,353","7,894","9,459",177,123,355,83,130,59,29,"2,652",304,130,244,161,181,148,190,69
2016,강북구,여자,"22,403","17,478","8,061","9,417",156,122,330,118,111,71,23,"2,607",255,141,196,194,198,158,172,73
2016,도봉구,합계,"44,836","34,055","15,745","18,310",233,197,584,154,194,90,51,"6,858",498,261,390,326,289,307,243,106
2016,도봉구,남자,"22,220","16,742","7,664","9,078",116,96,306,79,106,49,28,"3,483",239,125,192,182,151,142,121,63
2016,도봉구,여자,"22,616","17,313","8,081","9,232",117,101,278,75,88,41,23,"3,375",259,136,198,144,138,165,122,43
2016,노원구,합계,"72,249","51,805","26,140","25,665",578,409,"1,086",427,662,307,133,"11,683","1,145",603,748,598,576,624,595,270
2016,노원구,남자,"35,411","25,063","12,512","12,551",299,195,552,235,351,158,63,"5,814",600,321,385,304,301,326,299,145
2016,노원구,여자,"36,838","26,742","13,628","13,114",279,214,534,192,311,149,70,"5,869",545,282,363,294,275,298,296,125
2016,은평구,합계,"74,864","56,708","33,453","23,255",662,374,"1,357",335,460,228,94,"10,494",683,425,670,552,604,478,527,213
2016,은평구,남자,"36,277","27,369","15,937","11,432",315,184,671,145,218,112,48,"5,192",348,202,331,242,289,218,278,115
2016,은평구,여자,"38,587","29,339","17,516","11,823",347,190,686,190,242,116,46,"5,302",335,223,339,310,315,260,249,98
2016,서대문구,합계,"55,152","39,170","14,917","24,253",821,473,"1,204",416,546,307,113,"7,733",629,422,673,549,512,581,755,248
2016,서대문구,남자,"26,693","18,826","7,032","11,794",378,206,582,192,264,166,55,"3,883",338,182,321,267,253,298,371,111
2016,서대문구,여자,"28,459","20,344","7,885","12,459",443,267,622,224,282,141,58,"3,850",291,240,352,282,259,283,384,137
2016,마포구,합계,"62,642","42,545","18,248","24,297","1,184",788,"1,651",533,683,405,126,"9,471",703,554,760,640,584,768,905,342
2016,마포구,남자,"29,990","20,283","8,730","11,553",546,385,806,237,333,208,57,"4,615",337,272,354,312,276,372,428,169
2016,마포구,여자,"32,652","22,262","9,518","12,744",638,403,845,296,350,197,69,"4,856",366,282,406,328,308,396,477,173
2016,양천구,합계,"65,385","49,448","24,067","25,381",467,290,"1,913",292,351,135,86,"8,790",527,345,651,477,508,406,435,264
2016,양천구,남자,"32,432","24,415","11,755","12,660",238,141,971,141,189,75,37,"4,392",278,180,358,230,241,189,220,137
2016,양천구,여자,"32,953","25,033","12,312","12,721",229,149,942,151,162,60,49,"4,398",249,165,293,247,267,217,215,127
2016,강서구,합계,"95,852","68,527","33,063","35,464","1,022",585,"3,389",596,674,317,159,"13,944","1,040",711,987,848,851,877,890,435
2016,강서구,남자,"46,918","33,410","15,822","17,588",503,265,"1,663",259,344,143,80,"7,042",535,341,478,386,398,446,419,206
2016,강서구,여자,"48,934","35,117","17,241","17,876",519,320,"1,726",337,330,174,79,"6,902",505,370,509,462,453,431,471,229
2016,구로구,합계,"54,368","34,166","14,722","19,444",654,388,"2,205",335,516,198,100,"11,507",623,420,814,568,563,537,559,215
2016,구로구,남자,"26,902","16,912","7,250","9,662",342,179,"1,085",152,266,94,51,"5,690",316,206,402,286,274,259,280,108
2016,구로구,여자,"27,466","17,254","7,472","9,782",312,209,"1,120",183,250,104,49,"5,817",307,214,412,282,289,278,279,107
2016,금천구,합계,"34,870","22,464","11,451","11,013",365,247,946,196,274,130,75,"7,324",454,331,534,345,351,352,374,108
2016,금천구,남자,"18,079","11,457","5,802","5,655",204,146,493,106,155,86,37,"3,812",243,170,273,204,201,204,224,64
2016,금천구,여자,"16,791","11,007","5,649","5,358",161,101,453,90,119,44,38,"3,512",211,161,261,141,150,148,150,44
2016,영등포구,합계,"61,308","40,802","17,380","23,422",925,662,"1,897",513,677,334,135,"9,562",844,659,"1,051",683,681,746,823,314
2016,영등포구,남자,"31,181","20,639","8,833","11,806",488,379,994,244,332,175,69,"4,906",443,335,524,330,319,396,423,185
2016,영등포구,여자,"30,127","20,163","8,547","11,616",437,283,903,269,345,159,66,"4,656",401,324,527,353,362,350,400,129
2016,동작구,합계,"66,425","45,064","15,963","29,101",957,734,"1,451",589,745,385,151,"9,405",968,701,"1,165",856,880,984,"1,036",354
2016,동작구,남자,"32,730","21,872","7,692","14,180",489,374,721,301,395,217,80,"4,697",514,381,558,427,439,514,556,195
2016,동작구,여자,"33,695","23,192","8,271","14,921",468,360,730,288,350,168,71,"4,708",454,320,607,429,441,470,480,159
2016,관악구,합계,"91,198","54,597","26,502","28,095","2,286","1,428","2,491","1,158","1,423",821,266,"13,499","1,918","1,363","1,955","1,712","1,617","1,957","2,071",636
2016,관악구,남자,"47,786","28,084","13,513","14,571","1,318",833,"1,311",638,791,462,134,"7,121","1,015",746,"1,008",896,832,"1,085","1,173",339
2016,관악구,여자,"43,412","26,513","12,989","13,524",968,595,"1,180",520,632,359,132,"6,378",903,617,947,816,785,872,898,297
2016,서초구,합계,"71,136","50,099","19,100","30,999",971,643,"1,194",533,679,282,155,"11,640",801,545,818,654,474,603,694,351
2016,서초구,남자,"34,164","23,892","9,004","14,888",450,327,565,244,337,134,72,"5,742",405,265,383,302,241,292,339,174
2016,서초구,여자,"36,972","26,207","10,096","16,111",521,316,629,289,342,148,83,"5,898",396,280,435,352,233,311,355,177
2016,강남구,합계,"95,358","64,352","29,827","34,525","1,522",997,"1,823",831,"1,033",464,224,"16,340","1,193",801,"1,140",924,896,"1,081","1,234",503
2016,강남구,남자,"46,111","30,877","13,988","16,889",748,474,855,401,499,244,106,"8,090",605,407,556,436,448,527,594,244
2016,강남구,여자,"49,247","33,475","15,839","17,636",774,523,968,430,534,220,118,"8,250",588,394,584,488,448,554,640,259
2016,송파구,합계,"105,735","74,287","37,505","36,782","1,162",746,"1,470",505,845,333,189,"19,320","1,338",787,988,801,774,924,876,390
2016,송파구,남자,"51,742","36,060","18,113","17,947",581,361,762,209,432,158,90,"9,636",692,398,508,382,386,472,408,207
2016,송파구,여자,"53,993","38,227","19,392","18,835",581,385,708,296,413,175,99,"9,684",646,389,480,419,388,452,468,183
2016,강동구,합계,"67,962","50,380","31,043","19,337",456,318,864,317,397,163,77,"10,963",850,463,596,511,468,523,424,192
2016,강동구,남자,"33,899","24,932","15,266","9,666",233,159,463,158,187,89,35,"5,594",436,251,310,262,227,258,187,118
2016,강동구,여자,"34,063","25,448","15,777","9,671",223,159,401,159,210,74,42,"5,369",414,212,286,249,241,265,237,74
2017,서울시,합계,"1,472,937","1,018,807","454,536","564,271","19,460","13,011","32,528","10,561","14,118","6,708","3,195","234,448","19,761","12,961","18,582","14,930","13,665","15,681","17,312","7,209"
2017,서울시,남자,"727,992","499,679","221,209","278,470","9,743","6,587","16,244","5,115","7,160","3,463","1,588","118,134","10,154","6,554","9,152","7,237","6,676","7,994","8,872","3,640"
2017,서울시,여자,"744,945","519,128","233,327","285,801","9,717","6,424","16,284","5,446","6,958","3,245","1,607","116,314","9,607","6,407","9,430","7,693","6,989","7,687","8,440","3,569"
2017,종로구,합계,"28,020","19,122","4,512","14,610",528,371,601,251,317,180,74,"4,147",388,207,330,300,273,362,407,162
2017,종로구,남자,"13,977","9,404","2,207","7,197",286,188,306,126,154,108,36,"2,047",196,107,181,166,147,195,247,83
2017,종로구,여자,"14,043","9,718","2,305","7,413",242,183,295,125,163,72,38,"2,100",192,100,149,134,126,167,160,79
2017,중구,합계,"20,904","14,527","3,338","11,189",333,245,470,147,233,125,65,"3,197",204,197,200,211,186,215,265,84
2017,중구,남자,"10,501","7,274","1,623","5,651",152,115,238,76,120,67,33,"1,607",113,98,92,110,102,112,142,50
2017,중구,여자,"10,403","7,253","1,715","5,538",181,130,232,71,113,58,32,"1,590",91,99,108,101,84,103,123,34
2017,용산구,합계,"35,154","23,356","7,302","16,054",590,351,880,247,459,160,93,"5,970",576,328,491,347,306,382,446,172
2017,용산구,남자,"17,482","11,582","3,595","7,987",286,181,454,108,227,76,44,"3,006",307,153,240,165,144,207,230,72
2017,용산구,여자,"17,672","11,774","3,707","8,067",304,170,426,139,232,84,49,"2,964",269,175,251,182,162,175,216,100
2017,성동구,합계,"50,416","36,197","11,151","25,046",719,462,847,384,471,232,106,"7,306",599,397,551,423,406,503,591,222
2017,성동구,남자,"24,816","17,691","5,463","12,228",355,240,440,187,256,110,52,"3,626",296,203,282,213,204,257,301,103
2017,성동구,여자,"25,600","18,506","5,688","12,818",364,222,407,197,215,122,54,"3,680",303,194,269,210,202,246,290,119
2017,광진구,합계,"56,010","38,375","16,364","22,011",750,670,844,436,540,325,122,"8,459",957,639,738,678,597,733,840,307
2017,광진구,남자,"27,208","18,573","7,836","10,737",368,330,433,191,264,155,58,"4,245",470,306,320,326,277,348,400,144
2017,광진구,여자,"28,802","19,802","8,528","11,274",382,340,411,245,276,170,64,"4,214",487,333,418,352,320,385,440,163
2017,동대문구,합계,"47,899","32,368","13,489","18,879",864,576,908,437,560,249,103,"6,844",850,500,690,613,576,724,782,255
2017,동대문구,남자,"24,648","16,447","6,752","9,695",467,301,471,241,294,144,61,"3,581",453,261,358,312,305,400,403,149
2017,동대문구,여자,"23,251","15,921","6,737","9,184",397,275,437,196,266,105,42,"3,263",397,239,332,301,271,324,379,106
2017,중랑구,합계,"56,385","42,680","22,111","20,569",311,220,747,219,269,129,71,"8,265",783,449,470,405,413,411,374,169
2017,중랑구,남자,"28,421","21,415","10,998","10,417",143,115,393,89,140,71,36,"4,309",382,227,225,189,202,196,204,85
2017,중랑구,여자,"27,964","21,265","11,113","10,152",168,105,354,130,129,58,35,"3,956",401,222,245,216,211,215,170,84
2017,성북구,합계,"61,285","44,957","20,294","24,663",740,548,"1,068",400,519,333,150,"7,775",742,485,725,602,544,653,721,323
2017,성북구,남자,"30,082","21,934","9,723","12,211",343,284,546,196,266,149,70,"3,896",386,245,351,281,274,330,371,160
2017,성북구,여자,"31,203","23,023","10,571","12,452",397,264,522,204,253,184,80,"3,879",356,240,374,321,270,323,350,163
2017,강북구,합계,"42,231","32,401","14,164","18,237",349,236,688,207,289,128,69,"5,105",534,281,445,366,324,341,315,153
2017,강북구,남자,"20,700","15,957","6,953","9,004",167,114,325,81,144,59,32,"2,483",267,146,217,172,140,167,157,72
2017,강북구,여자,"21,531","16,444","7,211","9,233",182,122,363,126,145,69,37,"2,622",267,135,228,194,184,174,158,81
2017,도봉구,합계,"40,965","30,514","13,548","16,966",310,148,598,116,209,110,57,"6,612",468,263,377,289,229,260,253,152
2017,도봉구,남자,"20,211","15,010","6,634","8,376",155,75,305,63,102,63,19,"3,242",255,150,198,140,99,127,135,73
2017,도봉구,여자,"20,754","15,504","6,914","8,590",155,73,293,53,107,47,38,"3,370",213,113,179,149,130,133,118,79
2017,노원구,합계,"64,406","45,314","23,570","21,744",505,443,"1,018",386,613,233,138,"10,820","1,048",570,740,581,560,629,554,254
2017,노원구,남자,"31,730","21,991","11,258","10,733",242,214,533,201,331,127,70,"5,460",559,291,375,292,266,337,302,139
2017,노원구,여자,"32,676","23,323","12,312","11,011",263,229,485,185,282,106,68,"5,360",489,279,365,289,294,292,252,115
2017,은평구,합계,"68,402","50,399","27,968","22,431",627,351,"1,271",310,394,220,97,"10,647",734,440,634,541,489,515,487,246
2017,은평구,남자,"33,322","24,379","13,389","10,990",308,178,647,139,207,119,46,"5,304",364,222,315,247,223,264,236,124
2017,은평구,여자,"35,080","26,020","14,579","11,441",319,173,624,171,187,101,51,"5,343",370,218,319,294,266,251,251,122
2017,서대문구,합계,"48,534","33,415","11,716","21,699",853,534,"1,162",341,553,275,150,"7,079",635,439,618,495,507,574,656,248
2017,서대문구,남자,"23,601","16,131","5,611","10,520",412,246,567,169,255,138,75,"3,562",328,223,290,235,248,295,300,127
2017,서대문구,여자,"24,933","17,284","6,105","11,179",441,288,595,172,298,137,75,"3,517",307,216,328,260,259,279,356,121
2017,마포구,합계,"57,490","37,857","14,608","23,249","1,194",698,"1,589",534,718,351,136,"9,185",706,530,808,652,565,761,850,356
2017,마포구,남자,"27,221","17,936","6,843","11,093",539,339,731,255,343,160,57,"4,402",343,260,373,323,245,361,388,166
2017,마포구,여자,"30,269","19,921","7,765","12,156",655,359,858,279,375,191,79,"4,783",363,270,435,329,320,400,462,190
2017,양천구,합계,"54,797","39,360","17,134","22,226",416,247,"1,940",249,392,135,114,"8,575",534,329,564,455,451,375,377,284
2017,양천구,남자,"27,094","19,268","8,360","10,908",206,111,960,121,201,69,68,"4,354",307,179,268,230,212,182,196,162
2017,양천구,여자,"27,703","20,092","8,774","11,318",210,136,980,128,191,66,46,"4,221",227,150,296,225,239,193,181,122
2017,강서구,합계,"90,217","61,327","28,946","32,381","1,148",644,"3,306",604,"1,009",344,179,"14,681","1,009",797,"1,100",893,813,840,980,543
2017,강서구,남자,"44,019","29,761","13,861","15,900",557,303,"1,614",276,498,155,96,"7,444",516,373,513,403,388,387,488,247
2017,강서구,여자,"46,198","31,566","15,085","16,481",591,341,"1,692",328,511,189,83,"7,237",493,424,587,490,425,453,492,296
2017,구로구,합계,"50,077","30,430","13,395","17,035",552,369,"2,147",309,430,211,101,"11,435",579,448,789,518,527,486,514,232
2017,구로구,남자,"25,094","15,192","6,562","8,630",277,180,"1,025",147,227,108,48,"5,833",286,252,399,257,260,252,239,112
2017,구로구,여자,"24,983","15,238","6,833","8,405",275,189,"1,122",162,203,103,53,"5,602",293,196,390,261,267,234,275,120
2017,금천구,합계,"34,230","21,276","10,288","10,988",369,291,967,232,312,139,61,"7,560",453,362,591,385,340,366,394,132
2017,금천구,남자,"17,790","10,880","5,200","5,680",216,159,500,128,178,72,36,"3,983",258,182,319,198,163,195,243,80
2017,금천구,여자,"16,440","10,396","5,088","5,308",153,132,467,104,134,67,25,"3,577",195,180,272,187,177,171,151,52
2017,영등포구,합계,"62,622","41,672","15,910","25,762","1,029",681,"2,022",496,751,292,157,"9,741",795,587,"1,120",705,627,726,878,343
2017,영등포구,남자,"31,660","20,999","8,028","12,971",537,353,"1,000",225,404,152,77,"5,016",405,299,565,324,304,365,451,184
2017,영등포구,여자,"30,962","20,673","7,882","12,791",492,328,"1,022",271,347,140,80,"4,725",390,288,555,381,323,361,427,159
2017,동작구,합계,"60,949","40,062","14,741","25,321",992,690,"1,480",644,742,373,170,"8,976",908,734,"1,101",944,807,917,"1,012",397
2017,동작구,남자,"30,092","19,393","7,152","12,241",515,377,721,328,361,210,86,"4,538",470,388,551,462,430,509,557,196
2017,동작구,여자,"30,857","20,669","7,589","13,080",477,313,759,316,381,163,84,"4,438",438,346,550,482,377,408,455,201
2017,관악구,합계,"90,303","53,447","26,604","26,843","2,116","1,372","2,559","1,249","1,429",826,260,"13,750","1,895","1,377","1,968","1,695","1,550","1,878","2,269",663
2017,관악구,남자,"46,727","27,355","13,583","13,772","1,175",767,"1,313",655,746,457,131,"7,208",959,712,984,854,804,"1,007","1,232",368
2017,관악구,여자,"43,576","26,092","13,021","13,071",941,605,"1,246",594,683,369,129,"6,542",936,665,984,841,746,871,"1,037",295
2017,서초구,합계,"68,680","48,312","20,152","28,160",931,607,"1,208",554,635,302,180,"11,186",712,596,684,581,519,601,727,345
2017,서초구,남자,"32,911","22,983","9,586","13,397",445,304,589,266,312,156,87,"5,445",344,280,314,292,262,297,368,167
2017,서초구,여자,"35,769","25,329","10,566","14,763",486,303,619,288,323,146,93,"5,741",368,316,370,289,257,304,359,178
2017,강남구,합계,"90,474","61,125","28,057","33,068","1,498","1,032","1,749",829,973,483,241,"15,145","1,216",707,"1,122",937,822,951,"1,132",512
2017,강남구,남자,"44,120","29,644","13,340","16,304",723,518,846,390,483,261,124,"7,505",610,348,556,435,380,478,561,258
2017,강남구,여자,"46,354","31,481","14,717","16,764",775,514,903,439,490,222,117,"7,640",606,359,566,502,442,473,571,254
2017,송파구,합계,"110,872","78,139","37,182","40,957","1,222",855,"1,539",626,899,366,208,"19,420","1,627",815,"1,133",845,789,914,"1,033",442
2017,송파구,남자,"53,740","37,529","17,759","19,770",599,415,805,289,449,175,99,"9,658",845,403,549,391,386,433,503,212
2017,송파구,여자,"57,132","40,610","19,423","21,187",623,440,734,337,450,191,109,"9,762",782,412,584,454,403,481,530,230
2017,강동구,합계,"81,615","62,175","37,992","24,183",514,370,920,354,402,187,93,"12,568",809,484,593,469,445,564,455,213
2017,강동구,남자,"40,825","30,951","18,893","12,058",270,180,482,168,198,102,47,"6,380",435,246,317,220,211,293,218,107
2017,강동구,여자,"40,790","31,224","19,099","12,125",244,190,438,186,204,85,46,"6,188",374,238,276,249,234,271,237,106
2018,서울시,합계,"1,439,707","979,576","430,780","548,796","19,737","13,749","32,415","10,859","14,221","6,849","3,724","233,320","20,417","13,783","19,427","15,664","13,915","16,459","17,872","7,720"
2018,서울시,남자,"708,980","479,594","208,888","270,706","9,723","6,763","16,290","5,170","7,209","3,342","1,868","117,382","10,202","6,894","9,500","7,468","6,607","8,125","8,987","3,856"
2018,서울시,여자,"730,727","499,982","221,892","278,090","10,014","6,986","16,125","5,689","7,012","3,507","1,856","115,938","10,215","6,889","9,927","8,196","7,308","8,334","8,885","3,864"
2018,종로구,합계,"23,187","14,905","3,807","11,098",446,349,514,216,305,143,77,"3,772",368,247,324,348,228,368,382,195
2018,종로구,남자,"11,517","7,389","1,875","5,514",215,174,269,113,150,67,42,"1,839",194,116,163,189,112,191,207,87
2018,종로구,여자,"11,670","7,516","1,932","5,584",231,175,245,103,155,76,35,"1,933",174,131,161,159,116,177,175,108
2018,중구,합계,"20,771","14,157","3,424","10,733",341,227,420,174,221,129,59,"3,221",292,212,307,194,180,242,280,115
2018,중구,남자,"10,393","7,113","1,731","5,382",172,115,200,83,111,67,26,"1,599",148,105,147,92,93,135,131,56
2018,중구,여자,"10,378","7,044","1,693","5,351",169,112,220,91,110,62,33,"1,622",144,107,160,102,87,107,149,59
2018,용산구,합계,"37,339","24,852","7,853","16,999",649,436,964,299,429,165,111,"6,215",577,303,580,364,317,377,492,209
2018,용산구,남자,"18,434","12,265","3,847","8,418",298,202,475,144,204,73,55,"3,119",291,164,299,183,139,181,237,105
2018,용산구,여자,"18,905","12,587","4,006","8,581",351,234,489,155,225,92,56,"3,096",286,139,281,181,178,196,255,104
2018,성동구,합계,"51,358","36,518","12,243","24,275",722,489,877,331,446,258,131,"7,661",647,432,603,448,453,517,571,254
2018,성동구,남자,"25,230","17,777","5,895","11,882",375,249,447,146,251,120,64,"3,808",311,223,316,219,225,278,292,129
2018,성동구,여자,"26,128","18,741","6,348","12,393",347,240,430,185,195,138,67,"3,853",336,209,287,229,228,239,279,125
2018,광진구,합계,"55,728","38,310","17,036","21,274",786,562,920,443,549,314,150,"8,288",921,630,781,698,562,789,746,279
2018,광진구,남자,"26,946","18,487","8,100","10,387",391,235,451,213,275,148,85,"4,128",431,315,351,310,249,380,349,148
2018,광진구,여자,"28,782","19,823","8,936","10,887",395,327,469,230,274,166,65,"4,160",490,315,430,388,313,409,397,131
2018,동대문구,합계,"54,899","37,738","15,918","21,820",862,670,972,469,604,289,148,"7,934",858,577,735,657,538,735,869,244
2018,동대문구,남자,"27,948","19,146","7,990","11,156",426,326,515,248,304,152,79,"4,122",450,300,355,330,255,403,412,125
2018,동대문구,여자,"26,951","18,592","7,928","10,664",436,344,457,221,300,137,69,"3,812",408,277,380,327,283,332,457,119
2018,중랑구,합계,"54,168","40,077","20,671","19,406",357,238,768,252,264,136,91,"8,476",791,371,498,427,422,450,369,181
2018,중랑구,남자,"27,105","20,086","10,275","9,811",171,115,382,98,135,71,44,"4,271",427,186,240,202,182,214,187,94
2018,중랑구,여자,"27,063","19,991","10,396","9,595",186,123,386,154,129,65,47,"4,205",364,185,258,225,240,236,182,87
2018,성북구,합계,"57,147","40,699","17,850","22,849",757,568,"1,095",413,572,298,148,"7,675",806,539,697,628,555,644,741,312
2018,성북구,남자,"27,668","19,646","8,482","11,164",343,278,541,180,273,134,70,"3,860",380,271,321,277,268,305,362,159
2018,성북구,여자,"29,479","21,053","9,368","11,685",414,290,554,233,299,164,78,"3,815",426,268,376,351,287,339,379,153
2018,강북구,합계,"40,941","31,092","14,384","16,708",346,212,550,193,259,146,72,"5,014",559,353,435,377,403,388,374,168
2018,강북구,남자,"20,377","15,583","7,159","8,424",156,99,284,89,124,63,37,"2,492",278,159,212,187,191,169,170,84
2018,강북구,여자,"20,564","15,509","7,225","8,284",190,113,266,104,135,83,35,"2,522",281,194,223,190,212,219,204,84
2018,도봉구,합계,"39,518","29,598","13,353","16,245",257,155,544,147,201,74,56,"6,180",512,273,381,256,263,240,242,139
2018,도봉구,남자,"19,519","14,488","6,447","8,041",119,77,274,64,104,44,29,"3,157",266,137,192,119,133,127,124,65
2018,도봉구,여자,"19,999","15,110","6,906","8,204",138,78,270,83,97,30,27,"3,023",246,136,189,137,130,113,118,74
2018,노원구,합계,"61,867","42,657","20,348","22,309",568,419,928,395,576,215,152,"11,052","1,098",549,658,589,592,562,566,291
2018,노원구,남자,"30,496","20,777","9,747","11,030",272,214,453,210,297,92,73,"5,611",553,303,357,278,278,282,291,155
2018,노원구,여자,"31,371","21,880","10,601","11,279",296,205,475,185,279,123,79,"5,441",545,246,301,311,314,280,275,136
2018,은평구,합계,"67,489","49,112","26,823","22,289",588,353,"1,306",356,434,228,123,"10,620",628,492,658,574,582,556,596,283
2018,은평구,남자,"32,403","23,479","12,688","10,791",282,167,679,144,201,103,54,"5,209",309,234,320,254,260,285,287,136
2018,은평구,여자,"35,086","25,633","14,135","11,498",306,186,627,212,233,125,69,"5,411",319,258,338,320,322,271,309,147
2018,서대문구,합계,"45,861","30,650","11,158","19,492",759,543,"1,174",374,555,301,149,"6,985",652,442,707,537,471,654,633,275
2018,서대문구,남자,"22,226","14,798","5,280","9,518",352,234,595,160,252,148,79,"3,461",323,215,376,245,217,323,306,142
2018,서대문구,여자,"23,635","15,852","5,878","9,974",407,309,579,214,303,153,70,"3,524",329,227,331,292,254,331,327,133
2018,마포구,합계,"60,227","39,399","14,817","24,582","1,190",761,"1,650",550,716,347,197,"9,901",784,548,834,713,583,736,930,388
2018,마포구,남자,"28,530","18,669","6,923","11,746",539,346,761,248,342,146,99,"4,801",389,275,387,303,258,336,443,188
2018,마포구,여자,"31,697","20,730","7,894","12,836",651,415,889,302,374,201,98,"5,100",395,273,447,410,325,400,487,200
2018,양천구,합계,"54,579","38,990","16,607","22,383",452,309,"1,822",285,441,142,110,"8,384",561,410,641,455,413,458,428,278
2018,양천구,남자,"26,980","19,093","8,032","11,061",221,148,926,140,217,69,58,"4,261",300,216,331,226,190,220,213,151
2018,양천구,여자,"27,599","19,897","8,575","11,322",231,161,896,145,224,73,52,"4,123",261,194,310,229,223,238,215,127
2018,강서구,합계,"83,699","55,445","26,562","28,883","1,180",708,"3,282",581,988,352,209,"14,073","1,001",764,"1,028",899,837,938,867,547
2018,강서구,남자,"40,839","26,812","12,625","14,187",573,344,"1,654",271,482,166,99,"7,151",492,370,528,407,355,471,426,238
2018,강서구,여자,"42,860","28,633","13,937","14,696",607,364,"1,628",310,506,186,110,"6,922",509,394,500,492,482,467,441,309
2018,구로구,합계,"51,108","31,795","13,516","18,279",544,381,"2,140",319,431,208,101,"10,923",607,455,821,553,519,572,523,216
2018,구로구,남자,"25,580","15,814","6,671","9,143",297,215,"1,083",151,223,109,45,"5,551",318,222,405,263,228,271,272,113
2018,구로구,여자,"25,528","15,981","6,845","9,136",247,166,"1,057",168,208,99,56,"5,372",289,233,416,290,291,301,251,103
2018,금천구,합계,"33,794","21,031","9,958","11,073",460,335,"1,027",207,307,160,76,"7,062",487,375,575,422,334,377,402,157
2018,금천구,남자,"17,809","10,906","5,094","5,812",277,195,529,107,178,91,39,"3,790",267,205,289,237,171,196,253,79
2018,금천구,여자,"15,985","10,125","4,864","5,261",183,140,498,100,129,69,37,"3,272",220,170,286,185,163,181,149,78
2018,영등포구,합계,"59,862","37,861","13,239","24,622","1,076",736,"2,005",581,714,325,207,"10,031",887,683,"1,159",751,702,828,898,418
2018,영등포구,남자,"30,294","19,060","6,724","12,336",545,370,"1,057",270,387,169,105,"5,129",455,332,588,393,352,405,469,208
2018,영등포구,여자,"29,568","18,801","6,515","12,286",531,366,948,311,327,156,102,"4,902",432,351,571,358,350,423,429,210
2018,동작구,합계,"65,099","43,311","14,489","28,822","1,013",776,"1,480",672,708,411,194,"9,469",964,776,"1,202",924,777,917,"1,112",393
2018,동작구,남자,"31,878","21,004","7,039","13,965",531,403,713,320,371,210,93,"4,742",461,391,579,431,413,446,571,199
2018,동작구,여자,"33,221","22,307","7,450","14,857",482,373,767,352,337,201,101,"4,727",503,385,623,493,364,471,541,194
2018,관악구,합계,"94,403","54,812","26,397","28,415","2,331","1,614","2,660","1,249","1,593",906,308,"14,492","2,156","1,487","2,127","1,833","1,646","1,921","2,482",786
2018,관악구,남자,"47,887","27,647","13,164","14,483","1,270",844,"1,364",648,846,472,160,"7,459","1,051",742,999,878,794,960,"1,347",406
2018,관악구,여자,"46,516","27,165","13,233","13,932","1,061",770,"1,296",601,747,434,148,"7,033","1,105",745,"1,128",955,852,961,"1,135",380
2018,서초구,합계,"74,658","53,940","24,245","29,695",892,649,"1,275",552,656,260,205,"11,210",769,597,749,672,524,670,684,354
2018,서초구,남자,"35,985","25,835","11,508","14,327",442,299,613,264,323,139,107,"5,507",398,272,342,345,251,334,331,183
2018,서초구,여자,"38,673","28,105","12,737","15,368",450,350,662,288,333,121,98,"5,703",371,325,407,327,273,336,353,171
2018,강남구,합계,"91,611","61,643","28,824","32,819","1,427","1,037","1,741",843,983,474,275,"15,625","1,128",800,"1,172",948,746,"1,014","1,197",558
2018,강남구,남자,"44,348","29,675","13,689","15,986",636,508,874,408,505,229,133,"7,684",550,387,573,464,385,502,571,264
2018,강남구,여자,"47,263","31,968","15,135","16,833",791,529,867,435,478,245,142,"7,941",578,413,599,484,361,512,626,294
2018,송파구,합계,"101,060","69,146","33,018","36,128","1,231",860,"1,510",675,872,404,269,"18,323","1,466",945,"1,136",944,804,973,"1,016",486
2018,송파구,남자,"48,997","33,297","15,826","17,471",570,423,757,321,443,189,135,"9,171",724,465,507,422,381,450,503,239
2018,송파구,여자,"52,063","35,849","17,192","18,657",661,437,753,354,429,215,134,"9,152",742,480,629,522,423,523,513,247
2018,강동구,합계,"59,334","41,838","24,240","17,598",503,362,791,283,397,164,106,"10,734",898,523,619,453,464,533,472,194
2018,강동구,남자,"29,591","20,748","12,077","8,671",250,183,394,130,211,71,58,"5,460",436,289,323,214,227,261,233,103
2018,강동구,여자,"29,743","21,090","12,163","8,927",253,179,397,153,186,93,48,"5,274",462,234,296,239,237,272,239,91